temperature,mixing_ratio,refresh_count,elapsed_time,growth_percentage,remaining_time
26.0,1:10:10,5,363,60,145
24.0,1:5:5,2,1569,27,1145
26.0,1:5:5,3,728,9,662
28.0,1:10:10,3,629,50,314
25.0,1:1:1,2,1032,54,474
25.0,1:10:10,4,663,52,318
24.0,1:1:1,4,548,40,328
26.0,1:2:2,8,118,41,69
28.0,1:10:10,8,114,54,52
25.0,1:5:5,4,596,46,321
26.0,1:10:10,8,147,72,41
26.0,1:1:1,1,1260,47,667
26.0,1:2:2,4,434,51,212
25.0,1:1:1,2,1032,63,381
24.0,1:2:2,4,626,55,281
28.0,1:1:1,8,80,37,50
26.0,1:5:5,6,219,26,162
28.0,1:2:2,6,152,51,74
25.0,1:2:2,2,1180,40,708
25.0,1:2:2,4,530,51,259
25.0,1:2:2,6,238,53,111
26.0,1:10:10,6,244,56,107
26.0,1:10:10,1,1800,55,809
28.0,1:2:2,1,1120,92,89
28.0,1:10:10,4,422,40,253
24.0,1:1:1,1,1820,19,1474
26.0,1:1:1,8,103,18,84
26.0,1:5:5,3,728,34,480
24.0,1:10:10,3,1168,49,595
25.0,1:5:5,2,1327,76,318
24.0,1:10:10,7,212,36,135
24.0,1:10:10,7,212,63,78
26.0,1:2:2,8,118,69,36
25.0,1:5:5,3,890,84,142
24.0,1:5:5,5,472,21,372
25.0,1:5:5,3,890,65,311
24.0,1:5:5,7,191,36,122
26.0,1:5:5,8,132,30,92
26.0,1:1:1,4,380,85,57
24.0,1:5:5,7,191,51,93
24.0,1:5:5,3,1051,72,294
28.0,1:2:2,2,751,76,180
24.0,1:2:2,1,2080,37,1310
28.0,1:10:10,4,422,40,253
25.0,1:2:2,3,791,34,522
24.0,1:5:5,6,317,32,215
24.0,1:1:1,1,1820,13,1583
25.0,1:10:10,3,989,29,702
24.0,1:2:2,5,420,18,344
28.0,1:5:5,3,566,78,124
25.0,1:10:10,8,180,8,165
25.0,1:1:1,2,1032,75,258
28.0,1:10:10,6,189,81,35
24.0,1:1:1,8,149,60,59
24.0,1:5:5,1,2340,38,1450
26.0,1:1:1,8,103,56,45
24.0,1:1:1,3,818,46,441
25.0,1:10:10,6,298,89,32
28.0,1:5:5,4,380,55,170
24.0,1:5:5,6,317,26,234
28.0,1:1:1,4,295,59,120
26.0,1:10:10,8,147,54,67
24.0,1:1:1,4,548,78,120
26.0,1:10:10,4,542,51,265
26.0,1:10:10,3,809,67,266
28.0,1:10:10,7,114,72,31
28.0,1:1:1,1,980,68,313
28.0,1:1:1,3,440,10,396
28.0,1:1:1,1,980,64,352
25.0,1:5:5,7,162,21,127
28.0,1:10:10,2,938,60,375
24.0,1:2:2,1,2080,47,1102
28.0,1:2:2,4,337,80,67
26.0,1:1:1,1,1260,53,592
26.0,1:5:5,8,132,52,63
25.0,1:10:10,1,2200,52,1056
28.0,1:10:10,3,629,77,144
28.0,1:2:2,1,1120,95,56
26.0,1:1:1,5,254,30,177
25.0,1:2:2,3,791,28,569
28.0,1:1:1,1,980,33,656
28.0,1:10:10,8,114,59,46
26.0,1:5:5,1,1620,58,680
26.0,1:5:5,6,219,12,192
26.0,1:2:2,6,195,56,85
26.0,1:2:2,8,118,51,57
26.0,1:5:5,2,1086,76,260
26.0,1:10:10,1,1800,23,1386
24.0,1:10:10,5,525,90,52
28.0,1:1:1,8,80,59,32
24.0,1:10:10,4,783,4,751
25.0,1:5:5,4,596,45,327
24.0,1:1:1,8,149,52,71
26.0,1:5:5,4,488,11,434
24.0,1:10:10,7,212,21,167
24.0,1:10:10,3,1168,28,840
28.0,1:2:2,1,1120,81,212
26.0,1:10:10,6,244,43,139
28.0,1:2:2,8,91,37,57
26.0,1:5:5,2,1086,77,249
25.0,1:2:2,1,1760,58,739
25.0,1:5:5,2,1327,85,199
26.0,1:2:2,1,1440,35,936
26.0,1:1:1,4,380,53,178
24.0,1:10:10,1,2600,36,1664
25.0,1:10:10,3,989,36,632
26.0,1:5:5,4,488,18,400
26.0,1:2:2,3,647,90,64
24.0,1:2:2,7,170,31,117
25.0,1:2:2,7,144,61,56
25.0,1:5:5,4,596,69,184
28.0,1:10:10,4,422,49,215
24.0,1:5:5,4,705,32,479
25.0,1:5:5,3,890,58,373
26.0,1:10:10,4,542,23,417
25.0,1:5:5,2,1327,10,1194
24.0,1:2:2,5,420,37,264
28.0,1:1:1,1,980,44,548
25.0,1:2:2,1,1760,19,1425
25.0,1:10:10,1,2200,43,1254
28.0,1:1:1,5,198,65,69
28.0,1:5:5,5,254,104,-10
25.0,1:1:1,7,126,51,61
26.0,1:1:1,6,171,38,106
24.0,1:1:1,6,246,53,115
28.0,1:1:1,6,133,71,38
25.0,1:1:1,7,126,43,71
25.0,1:2:2,3,791,60,316
25.0,1:10:10,1,2200,88,264
28.0,1:10:10,8,114,68,36
26.0,1:2:2,1,1440,56,633
28.0,1:10:10,4,422,78,92
25.0,1:5:5,4,596,54,274
26.0,1:1:1,4,380,44,212
26.0,1:1:1,1,1260,27,919
24.0,1:1:1,4,548,51,268
26.0,1:2:2,2,965,52,463
26.0,1:1:1,2,845,41,498
28.0,1:1:1,2,657,37,413
26.0,1:1:1,7,103,75,25
28.0,1:2:2,5,226,70,67
28.0,1:10:10,1,1400,56,615
24.0,1:1:1,1,1820,-5,1911
28.0,1:10:10,3,629,87,81
24.0,1:5:5,8,191,32,129
28.0,1:10:10,7,114,49,58
25.0,1:10:10,5,444,65,155
26.0,1:1:1,3,566,27,413
24.0,1:2:2,1,2080,33,1393
24.0,1:2:2,5,420,90,41
26.0,1:5:5,1,1620,41,955
28.0,1:2:2,7,91,79,19
28.0,1:10:10,3,629,42,364
24.0,1:5:5,4,705,39,430
24.0,1:10:10,3,1168,33,782
24.0,1:2:2,2,1394,44,780
26.0,1:2:2,7,118,86,16
26.0,1:10:10,1,1800,58,756
25.0,1:2:2,4,530,51,259
25.0,1:1:1,8,126,51,61
25.0,1:1:1,2,1032,18,846
28.0,1:10:10,5,283,61,110
24.0,1:2:2,4,626,45,344
24.0,1:10:10,4,783,36,501
25.0,1:10:10,7,180,3,174
26.0,1:5:5,2,1086,42,629
25.0,1:5:5,7,162,18,132
25.0,1:10:10,6,298,41,175
25.0,1:10:10,4,663,62,251
26.0,1:1:1,3,566,60,226
24.0,1:10:10,6,352,29,249
24.0,1:10:10,1,2600,-10,2860
25.0,1:1:1,6,208,12,183
28.0,1:2:2,5,226,71,65
26.0,1:10:10,5,363,66,123
24.0,1:2:2,7,170,18,139
24.0,1:1:1,6,246,22,191
26.0,1:1:1,3,566,80,113
28.0,1:2:2,8,91,57,39
28.0,1:10:10,5,283,47,149
28.0,1:2:2,4,337,35,219
28.0,1:2:2,4,337,91,30
28.0,1:1:1,1,980,53,460
26.0,1:1:1,1,1260,16,1058
24.0,1:1:1,4,548,9,498
24.0,1:2:2,3,935,53,439
24.0,1:2:2,2,1394,73,376
24.0,1:2:2,2,1394,5,1324
28.0,1:2:2,2,751,35,488
28.0,1:1:1,6,133,63,49
24.0,1:2:2,8,170,27,124
26.0,1:5:5,1,1620,78,356
24.0,1:1:1,2,1220,46,658
24.0,1:2:2,3,935,78,205
24.0,1:5:5,5,472,58,198
26.0,1:1:1,5,254,66,86
25.0,1:1:1,6,208,33,139
28.0,1:2:2,1,1120,41,660
24.0,1:10:10,8,212,39,129
25.0,1:2:2,3,791,41,466
26.0,1:2:2,4,434,38,269
26.0,1:5:5,5,327,100,0
24.0,1:2:2,2,1394,44,780
25.0,1:2:2,2,1180,50,590
25.0,1:5:5,3,890,55,400
24.0,1:2:2,1,2080,30,1456
28.0,1:5:5,4,380,64,136
24.0,1:1:1,5,367,2,359
28.0,1:2:2,8,91,69,28
28.0,1:10:10,5,283,71,82
25.0,1:2:2,5,355,27,259
26.0,1:10:10,3,809,37,509
26.0,1:5:5,1,1620,96,64
26.0,1:2:2,8,118,27,86
28.0,1:10:10,8,114,44,63
28.0,1:5:5,3,566,93,39
24.0,1:10:10,2,1743,12,1533
24.0,1:1:1,2,1220,50,610
28.0,1:2:2,5,226,61,88
24.0,1:1:1,4,548,30,383
25.0,1:2:2,2,1180,42,684
26.0,1:1:1,2,845,33,566
24.0,1:5:5,1,2340,42,1357
26.0,1:5:5,8,132,89,14
24.0,1:1:1,2,1220,43,695
26.0,1:5:5,8,132,50,66
25.0,1:2:2,2,1180,53,554
25.0,1:1:1,2,1032,81,196
25.0,1:5:5,8,162,58,68
26.0,1:2:2,3,647,34,427
26.0,1:10:10,5,363,42,210
26.0,1:5:5,8,132,68,42
24.0,1:5:5,5,472,45,259
24.0,1:5:5,6,317,14,272
25.0,1:2:2,4,530,35,344
24.0,1:10:10,2,1743,16,1464
26.0,1:1:1,5,254,100,0
25.0,1:2:2,7,144,37,90
28.0,1:10:10,1,1400,19,1134
24.0,1:2:2,4,626,61,244
25.0,1:10:10,2,1475,49,752
25.0,1:1:1,1,1540,17,1278
24.0,1:1:1,6,246,27,179
28.0,1:10:10,6,189,34,124
26.0,1:2:2,6,195,65,68
26.0,1:2:2,6,195,52,93
24.0,1:2:2,8,170,56,74
25.0,1:5:5,3,890,61,347
28.0,1:2:2,3,503,51,246
25.0,1:2:2,4,530,59,217
26.0,1:10:10,1,1800,54,827
24.0,1:2:2,6,281,74,73
28.0,1:2:2,5,226,75,56
24.0,1:5:5,3,1051,40,630
24.0,1:2:2,2,1394,81,264
25.0,1:10:10,2,1475,11,1312
24.0,1:10:10,2,1743,87,226
26.0,1:2:2,7,118,37,74
24.0,1:1:1,6,246,28,177
24.0,1:10:10,3,1168,70,350
24.0,1:2:2,4,626,53,294
28.0,1:2:2,4,337,56,148
28.0,1:1:1,8,80,70,24
28.0,1:2:2,3,503,73,135
24.0,1:1:1,5,367,53,172
25.0,1:10:10,1,2200,24,1672
24.0,1:2:2,1,2080,29,1476
28.0,1:2:2,8,91,98,1
26.0,1:1:1,6,171,3,165
24.0,1:1:1,1,1820,70,546
24.0,1:5:5,7,191,25,143
28.0,1:5:5,7,103,61,40
26.0,1:2:2,6,195,74,50
25.0,1:10:10,4,663,32,450
26.0,1:5:5,5,327,84,52
26.0,1:10:10,5,363,49,185
25.0,1:1:1,1,1540,69,477
24.0,1:2:2,4,626,54,287
25.0,1:2:2,2,1180,82,212
25.0,1:2:2,5,355,49,181
26.0,1:5:5,4,488,95,24
26.0,1:1:1,8,103,31,71
24.0,1:1:1,7,149,68,47
26.0,1:5:5,3,728,40,436
26.0,1:10:10,4,542,64,195
28.0,1:5:5,6,171,91,15
25.0,1:10:10,6,298,41,175
25.0,1:2:2,3,791,20,632
28.0,1:2:2,5,226,77,51
26.0,1:10:10,4,542,31,373
28.0,1:10:10,4,422,84,67
26.0,1:2:2,1,1440,63,532
25.0,1:5:5,5,400,37,252
28.0,1:2:2,7,91,50,45
24.0,1:1:1,7,149,18,122
26.0,1:1:1,7,103,35,66
24.0,1:1:1,1,1820,52,873
25.0,1:1:1,3,692,37,435
26.0,1:10:10,1,1800,18,1476
26.0,1:1:1,8,103,0,103
26.0,1:5:5,4,488,46,263
24.0,1:5:5,4,705,46,380
25.0,1:1:1,8,126,70,37
26.0,1:2:2,2,965,36,617
28.0,1:2:2,5,226,68,72
24.0,1:1:1,4,548,40,328
25.0,1:2:2,4,530,23,408
26.0,1:1:1,8,103,52,49
24.0,1:2:2,7,170,66,57
25.0,1:10:10,6,298,43,169
24.0,1:1:1,5,367,61,143
26.0,1:2:2,1,1440,42,835
25.0,1:5:5,7,162,98,3
24.0,1:2:2,6,281,78,61
25.0,1:5:5,7,162,44,90
26.0,1:5:5,3,728,35,473
28.0,1:2:2,2,751,61,292
24.0,1:5:5,7,191,59,78
28.0,1:10:10,2,938,54,431
24.0,1:5:5,3,1051,60,420
28.0,1:5:5,3,566,110,-56
24.0,1:5:5,5,472,42,273
26.0,1:5:5,1,1620,84,259
26.0,1:10:10,8,147,58,61
25.0,1:10:10,8,180,16,151
25.0,1:5:5,2,1327,31,915
26.0,1:1:1,7,103,56,45
25.0,1:2:2,1,1760,67,580
26.0,1:1:1,4,380,70,114
26.0,1:5:5,7,132,39,80
28.0,1:10:10,5,283,83,48
24.0,1:2:2,5,420,26,310
28.0,1:5:5,4,380,63,140
26.0,1:2:2,7,118,30,82
28.0,1:10:10,1,1400,105,-70
24.0,1:10:10,2,1743,-10,1917
24.0,1:1:1,7,149,52,71
25.0,1:10:10,2,1475,25,1106
25.0,1:1:1,5,311,72,87
25.0,1:2:2,8,144,73,38
24.0,1:2:2,4,626,24,475
24.0,1:1:1,6,246,39,150
25.0,1:10:10,7,180,32,122
26.0,1:10:10,2,1207,31,832
28.0,1:1:1,1,980,110,-98
24.0,1:2:2,5,420,35,273
28.0,1:2:2,2,751,22,585
25.0,1:5:5,1,1980,30,1386
26.0,1:1:1,4,380,45,209
28.0,1:1:1,3,440,84,70
26.0,1:10:10,3,809,47,428
28.0,1:2:2,6,152,71,44
24.0,1:10:10,1,2600,45,1430
26.0,1:5:5,4,488,15,414
26.0,1:1:1,6,171,40,102
24.0,1:1:1,8,149,85,22
24.0,1:1:1,1,1820,55,818
24.0,1:5:5,3,1051,72,294
26.0,1:2:2,5,291,69,90
24.0,1:1:1,1,1820,28,1310
25.0,1:1:1,7,126,32,85
28.0,1:10:10,3,629,60,251
28.0,1:5:5,5,254,76,60
28.0,1:2:2,8,91,78,20
24.0,1:2:2,1,2080,67,686
24.0,1:1:1,2,1220,60,488
26.0,1:10:10,2,1207,24,917
26.0,1:2:2,7,118,100,0
24.0,1:5:5,1,2340,36,1497
26.0,1:5:5,5,327,46,176
25.0,1:5:5,6,268,48,139
26.0,1:2:2,7,118,36,75
24.0,1:2:2,7,170,58,71
24.0,1:2:2,3,935,-1,944
24.0,1:5:5,8,191,-2,194
26.0,1:5:5,8,132,24,100
24.0,1:10:10,5,525,64,189
24.0,1:10:10,5,525,56,230
25.0,1:10:10,6,298,28,214
25.0,1:2:2,3,791,2,775
26.0,1:1:1,5,254,62,96
26.0,1:5:5,6,219,46,118
28.0,1:1:1,6,133,110,-13
28.0,1:5:5,1,1260,46,680
25.0,1:2:2,1,1760,55,791
24.0,1:2:2,1,2080,-2,2121
26.0,1:1:1,6,171,65,59
25.0,1:2:2,5,355,40,213
24.0,1:10:10,1,2600,35,1690
28.0,1:10:10,3,629,42,364
25.0,1:1:1,5,311,61,121
26.0,1:10:10,7,147,19,119
25.0,1:10:10,3,989,48,514
28.0,1:10:10,5,283,61,110
26.0,1:2:2,5,291,47,154
24.0,1:1:1,2,1220,29,866
26.0,1:10:10,6,244,60,97
26.0,1:1:1,1,1260,73,340
26.0,1:10:10,2,1207,16,1013
26.0,1:2:2,2,965,53,453
25.0,1:1:1,8,126,48,65
24.0,1:10:10,5,525,58,220
26.0,1:1:1,1,1260,5,1197
26.0,1:10:10,5,363,32,246
24.0,1:5:5,1,2340,50,1170
26.0,1:5:5,2,1086,45,597
28.0,1:10:10,7,114,60,45
24.0,1:10:10,8,212,27,154
24.0,1:10:10,5,525,40,315
26.0,1:2:2,3,647,70,194
28.0,1:10:10,2,938,82,168
24.0,1:2:2,8,170,42,98
26.0,1:10:10,8,147,37,92
28.0,1:1:1,5,198,50,99
26.0,1:1:1,1,1260,31,869
24.0,1:5:5,5,472,51,231
25.0,1:1:1,3,692,39,422
26.0,1:5:5,2,1086,62,412
28.0,1:2:2,6,152,43,86
25.0,1:10:10,5,444,67,146
25.0,1:5:5,1,1980,30,1386
25.0,1:10:10,8,180,53,84
28.0,1:1:1,3,440,52,211
26.0,1:2:2,1,1440,36,921
28.0,1:2:2,7,91,36,58
24.0,1:1:1,6,246,32,167
28.0,1:10:10,8,114,69,35
24.0,1:2:2,6,281,27,205
24.0,1:2:2,2,1394,80,278
28.0,1:1:1,4,295,45,162
26.0,1:1:1,3,566,41,333
28.0,1:5:5,3,566,82,101
25.0,1:5:5,2,1327,47,703
28.0,1:1:1,3,440,35,286
24.0,1:1:1,7,149,65,52
26.0,1:10:10,8,147,52,70
25.0,1:5:5,6,268,40,160
26.0,1:1:1,6,171,42,99
28.0,1:10:10,4,422,68,135
24.0,1:5:5,4,705,44,394
25.0,1:5:5,1,1980,13,1722
25.0,1:10:10,6,298,38,184
26.0,1:2:2,5,291,57,125
28.0,1:10:10,2,938,54,431
26.0,1:10:10,8,147,25,110
24.0,1:1:1,5,367,43,209
24.0,1:10:10,7,212,72,59
26.0,1:5:5,5,327,0,327
28.0,1:10:10,5,283,56,124
25.0,1:2:2,7,144,23,110
24.0,1:2:2,4,626,47,331
28.0,1:1:1,4,295,28,212
26.0,1:2:2,6,195,67,64
28.0,1:5:5,8,103,25,77
24.0,1:1:1,8,149,79,31
25.0,1:2:2,7,144,42,83
26.0,1:2:2,8,118,74,30
28.0,1:2:2,1,1120,74,291
28.0,1:5:5,6,171,47,90
28.0,1:1:1,6,133,68,42
28.0,1:5:5,8,103,30,72
24.0,1:2:2,8,170,38,105
28.0,1:2:2,4,337,61,131
24.0,1:1:1,6,246,24,186
24.0,1:1:1,4,548,12,482
25.0,1:5:5,2,1327,27,968
25.0,1:2:2,2,1180,57,507
24.0,1:5:5,3,1051,42,609
25.0,1:1:1,6,208,79,43
24.0,1:2:2,4,626,70,187
28.0,1:10:10,2,938,85,140
26.0,1:5:5,7,132,61,51
26.0,1:5:5,4,488,93,34
25.0,1:2:2,7,144,73,38
26.0,1:5:5,1,1620,45,891
25.0,1:2:2,4,530,25,397
26.0,1:10:10,5,363,97,10
26.0,1:5:5,6,219,41,129
28.0,1:1:1,8,80,56,35
28.0,1:5:5,4,380,80,75
25.0,1:2:2,2,1180,23,908
28.0,1:1:1,3,440,83,74
26.0,1:10:10,2,1207,22,941
25.0,1:5:5,7,162,40,97
24.0,1:5:5,4,705,62,267
24.0,1:10:10,4,783,34,516
28.0,1:2:2,4,337,110,-33
26.0,1:10:10,1,1800,56,791
28.0,1:2:2,5,226,91,20
26.0,1:2:2,4,434,19,351
25.0,1:5:5,2,1327,24,1008
25.0,1:10:10,5,444,19,359
26.0,1:1:1,3,566,40,339
25.0,1:5:5,2,1327,77,305
28.0,1:2:2,6,152,10,136
25.0,1:1:1,1,1540,57,662
25.0,1:2:2,4,530,82,95
26.0,1:1:1,4,380,17,315
25.0,1:5:5,6,268,23,206
28.0,1:2:2,3,503,81,95
24.0,1:1:1,7,149,74,38
28.0,1:1:1,7,80,90,7
26.0,1:5:5,3,728,46,393
28.0,1:2:2,5,226,79,47
25.0,1:10:10,6,298,46,160
28.0,1:5:5,4,380,37,239
24.0,1:1:1,8,149,14,128
26.0,1:1:1,7,103,19,83
24.0,1:10:10,5,525,54,241
28.0,1:10:10,7,114,79,23
26.0,1:2:2,4,434,39,264
25.0,1:2:2,1,1760,50,880
26.0,1:1:1,4,380,52,182
26.0,1:2:2,5,291,40,174
24.0,1:5:5,5,472,43,269
28.0,1:2:2,4,337,42,195
24.0,1:2:2,8,170,9,154
26.0,1:2:2,7,118,60,47
28.0,1:2:2,4,337,45,185
24.0,1:1:1,7,149,50,74
28.0,1:1:1,8,80,76,19
26.0,1:2:2,3,647,25,485
25.0,1:2:2,2,1180,63,436
26.0,1:10:10,1,1800,39,1098
28.0,1:5:5,8,103,72,28
25.0,1:1:1,8,126,52,60
24.0,1:1:1,2,1220,20,976
28.0,1:2:2,7,91,51,44
24.0,1:1:1,1,1820,34,1201
26.0,1:10:10,2,1207,39,736
24.0,1:2:2,6,281,37,177
25.0,1:2:2,5,355,65,124
24.0,1:5:5,3,1051,33,704
25.0,1:2:2,7,144,68,46
24.0,1:1:1,7,149,66,50
26.0,1:1:1,3,566,81,107
28.0,1:1:1,1,980,81,186
26.0,1:10:10,6,244,94,14
25.0,1:5:5,3,890,59,364
25.0,1:2:2,1,1760,29,1249
26.0,1:1:1,2,845,17,701
28.0,1:5:5,3,566,63,209
28.0,1:5:5,6,171,77,39
26.0,1:1:1,5,254,69,78
26.0,1:5:5,7,132,52,63
26.0,1:5:5,4,488,57,209
24.0,1:1:1,6,246,30,172
28.0,1:10:10,5,283,51,138
28.0,1:2:2,3,503,61,196
28.0,1:10:10,2,938,75,234
28.0,1:2:2,2,751,66,255
25.0,1:1:1,6,208,48,108
26.0,1:5:5,7,132,56,58
26.0,1:5:5,7,132,57,56
28.0,1:1:1,2,657,43,374
25.0,1:1:1,4,464,46,250
28.0,1:1:1,2,657,64,236
28.0,1:1:1,2,657,105,-32
24.0,1:5:5,2,1569,30,1098
25.0,1:10:10,8,180,28,129
28.0,1:1:1,2,657,42,381
28.0,1:5:5,4,380,38,235
28.0,1:5:5,2,845,71,245
25.0,1:1:1,7,126,63,46
25.0,1:1:1,7,126,60,50
24.0,1:5:5,5,472,32,320
24.0,1:2:2,8,170,18,139
26.0,1:10:10,3,809,35,525
25.0,1:1:1,6,208,39,126
24.0,1:2:2,8,170,43,96
26.0,1:5:5,5,327,37,206
24.0,1:5:5,1,2340,77,538
24.0,1:5:5,7,191,60,76
28.0,1:2:2,6,152,49,77
25.0,1:10:10,7,180,35,117
24.0,1:1:1,4,548,57,235
26.0,1:1:1,8,103,21,81
26.0,1:10:10,5,363,25,272
24.0,1:10:10,2,1743,29,1237
28.0,1:1:1,8,80,64,28
25.0,1:10:10,2,1475,28,1062
25.0,1:5:5,6,268,64,96
25.0,1:2:2,7,144,20,115
26.0,1:2:2,7,118,23,90
25.0,1:10:10,8,180,33,120
24.0,1:1:1,5,367,43,209
26.0,1:5:5,1,1620,43,923
25.0,1:1:1,7,126,26,93
28.0,1:10:10,1,1400,13,1218
26.0,1:10:10,3,809,40,485
28.0,1:2:2,5,226,77,51
24.0,1:1:1,6,246,55,110
24.0,1:10:10,6,352,56,154
28.0,1:1:1,5,198,46,106
28.0,1:10:10,6,189,54,86
24.0,1:2:2,1,2080,31,1435
24.0,1:2:2,3,935,41,551
26.0,1:10:10,6,244,17,202
26.0,1:2:2,4,434,57,186
28.0,1:1:1,4,295,88,35
25.0,1:10:10,7,180,67,59
24.0,1:5:5,6,317,-6,336
28.0,1:2:2,6,152,45,83
26.0,1:10:10,6,244,58,102
24.0,1:5:5,5,472,54,217
25.0,1:1:1,5,311,52,149
25.0,1:1:1,4,464,29,329
28.0,1:2:2,6,152,66,51
24.0,1:10:10,3,1168,24,887
24.0,1:2:2,4,626,47,331
24.0,1:5:5,4,705,44,394
26.0,1:2:2,4,434,30,303
25.0,1:1:1,4,464,50,232
26.0,1:5:5,7,132,45,72
26.0,1:1:1,3,566,38,350
25.0,1:5:5,2,1327,37,836
24.0,1:5:5,8,191,28,137
24.0,1:5:5,5,472,5,448
24.0,1:10:10,6,352,24,267
28.0,1:10:10,1,1400,48,728
28.0,1:10:10,7,114,45,62
28.0,1:10:10,5,283,45,155
28.0,1:10:10,4,422,69,130
24.0,1:10:10,7,212,54,97
25.0,1:10:10,5,444,57,190
25.0,1:2:2,7,144,6,135
24.0,1:1:1,6,246,35,159
25.0,1:5:5,5,400,29,284
25.0,1:5:5,2,1327,59,544
24.0,1:1:1,2,1220,16,1024
25.0,1:1:1,5,311,47,164
24.0,1:10:10,3,1168,31,805
26.0,1:1:1,4,380,36,243
25.0,1:10:10,2,1475,40,885
28.0,1:10:10,4,422,81,80
24.0,1:10:10,5,525,50,262
25.0,1:2:2,5,355,55,159
24.0,1:1:1,2,1220,25,915
28.0,1:10:10,5,283,66,96
28.0,1:10:10,8,114,56,50
24.0,1:10:10,3,1168,-9,1273
25.0,1:10:10,1,2200,48,1144
26.0,1:1:1,4,380,70,114
24.0,1:10:10,4,783,37,493
24.0,1:5:5,5,472,55,212
26.0,1:10:10,3,809,74,210
28.0,1:1:1,5,198,11,176
26.0,1:2:2,4,434,53,203
26.0,1:10:10,7,147,28,105
24.0,1:2:2,6,281,4,269
28.0,1:10:10,8,114,44,63
28.0,1:10:10,1,1400,57,602
26.0,1:10:10,8,147,32,99
24.0,1:1:1,1,1820,22,1419
25.0,1:5:5,6,268,43,152
28.0,1:10:10,3,629,73,169
28.0,1:2:2,6,152,76,36
28.0,1:10:10,8,114,59,46
28.0,1:2:2,3,503,43,286
28.0,1:5:5,6,171,64,61
28.0,1:2:2,1,1120,49,571
28.0,1:1:1,4,295,44,165
28.0,1:5:5,6,171,35,111
26.0,1:1:1,4,380,72,106
24.0,1:5:5,2,1569,15,1333
25.0,1:10:10,6,298,62,113
28.0,1:2:2,7,91,82,16
24.0,1:2:2,4,626,24,475
24.0,1:1:1,2,1220,46,658
28.0,1:5:5,2,845,46,456
26.0,1:5:5,3,728,41,429
25.0,1:5:5,5,400,31,276
24.0,1:1:1,8,149,22,116
26.0,1:1:1,6,171,54,78
26.0,1:10:10,7,147,46,79
28.0,1:2:2,2,751,80,150
28.0,1:10:10,1,1400,70,420
28.0,1:10:10,3,629,66,213
28.0,1:10:10,2,938,34,619
24.0,1:10:10,6,352,61,137
26.0,1:5:5,3,728,30,509
24.0,1:10:10,4,783,69,242
25.0,1:2:2,2,1180,56,519
25.0,1:2:2,1,1760,56,774
25.0,1:1:1,1,1540,72,431
26.0,1:5:5,6,219,65,76
28.0,1:5:5,5,254,54,116
28.0,1:10:10,2,938,41,553
28.0,1:2:2,3,503,67,165
25.0,1:10:10,7,180,32,122
24.0,1:2:2,6,281,32,191
24.0,1:10:10,1,2600,31,1793
26.0,1:5:5,4,488,85,73
24.0,1:10:10,2,1743,41,1028
26.0,1:10:10,4,542,49,276
25.0,1:2:2,3,791,36,506
26.0,1:10:10,4,542,71,157
26.0,1:2:2,8,118,21,93
24.0,1:10:10,6,352,41,207
24.0,1:10:10,6,352,66,119
26.0,1:1:1,7,103,37,64
24.0,1:5:5,4,705,13,613
26.0,1:5:5,3,728,31,502
24.0,1:1:1,6,246,61,95
28.0,1:10:10,8,114,70,34
26.0,1:2:2,4,434,31,299
26.0,1:5:5,1,1620,57,696
26.0,1:1:1,3,566,50,283
24.0,1:2:2,6,281,73,75
26.0,1:1:1,3,566,64,203
24.0,1:5:5,2,1569,31,1082
24.0,1:1:1,8,149,50,74
24.0,1:10:10,1,2600,53,1222
28.0,1:2:2,2,751,57,322
28.0,1:2:2,7,91,54,41
28.0,1:10:10,1,1400,40,840
28.0,1:1:1,6,133,77,30
25.0,1:10:10,8,180,36,115
25.0,1:5:5,2,1327,40,796
24.0,1:1:1,4,548,54,252
28.0,1:5:5,4,380,81,72
24.0,1:10:10,2,1743,80,348
24.0,1:5:5,7,191,36,122
28.0,1:10:10,3,629,55,283
28.0,1:10:10,7,114,54,52
25.0,1:10:10,8,180,68,57
28.0,1:2:2,1,1120,68,358
24.0,1:5:5,7,191,39,116
25.0,1:1:1,8,126,24,95
24.0,1:10:10,4,783,18,642
24.0,1:1:1,1,1820,23,1401
25.0,1:5:5,1,1980,46,1069
24.0,1:10:10,5,525,30,367
26.0,1:1:1,7,103,22,80
25.0,1:1:1,1,1540,23,1185
25.0,1:1:1,2,1032,61,402
24.0,1:1:1,2,1220,17,1012
25.0,1:2:2,8,144,63,53
28.0,1:5:5,5,254,43,144
26.0,1:10:10,6,244,70,73
28.0,1:5:5,2,845,17,701
24.0,1:10:10,2,1743,39,1063
26.0,1:10:10,6,244,57,104
28.0,1:10:10,6,189,43,107
26.0,1:1:1,1,1260,81,239
24.0,1:5:5,2,1569,47,831
24.0,1:10:10,6,352,14,302
25.0,1:10:10,3,989,31,682
25.0,1:5:5,4,596,5,566
26.0,1:5:5,5,327,29,232
26.0,1:5:5,8,132,75,33
24.0,1:1:1,8,149,25,111
26.0,1:1:1,7,103,0,103
25.0,1:10:10,2,1475,71,427
26.0,1:10:10,3,809,65,283
26.0,1:10:10,6,244,44,136
24.0,1:10:10,1,2600,38,1612
28.0,1:10:10,8,114,53,53
26.0,1:1:1,4,380,32,258
24.0,1:5:5,5,472,62,179
26.0,1:1:1,5,254,31,175
28.0,1:2:2,2,751,83,127
26.0,1:5:5,7,132,57,56
26.0,1:1:1,4,380,34,250
24.0,1:10:10,2,1743,29,1237
26.0,1:1:1,4,380,24,288
24.0,1:1:1,4,548,45,301
24.0,1:1:1,8,149,54,68
25.0,1:2:2,3,791,51,387
28.0,1:1:1,4,295,80,58
28.0,1:2:2,6,152,48,79
25.0,1:1:1,3,692,82,124
26.0,1:2:2,2,965,27,704
28.0,1:2:2,1,1120,100,0
24.0,1:10:10,3,1168,30,817
24.0,1:10:10,5,525,53,246
28.0,1:2:2,2,751,41,443
28.0,1:10:10,1,1400,70,420
28.0,1:5:5,7,103,55,46
25.0,1:1:1,7,126,38,78
25.0,1:5:5,7,162,79,34
28.0,1:10:10,1,1400,49,714
26.0,1:1:1,3,566,67,186
26.0,1:5:5,3,728,56,320
26.0,1:2:2,8,118,23,90
24.0,1:10:10,6,352,28,253
26.0,1:5:5,6,219,48,113
24.0,1:1:1,8,149,68,47
28.0,1:2:2,2,751,70,225
28.0,1:10:10,5,283,77,65
26.0,1:2:2,7,118,90,11
24.0,1:10:10,3,1168,58,490
26.0,1:10:10,6,244,42,141
28.0,1:10:10,1,1400,54,644
25.0,1:1:1,8,126,15,107
25.0,1:5:5,5,400,60,160
26.0,1:1:1,3,566,63,209
26.0,1:10:10,4,542,80,108
28.0,1:2:2,1,1120,36,716
28.0,1:5:5,7,103,34,67
26.0,1:10:10,5,363,39,221
28.0,1:5:5,3,566,75,141
28.0,1:2:2,2,751,97,22
28.0,1:10:10,5,283,77,65
26.0,1:10:10,1,1800,53,846
24.0,1:10:10,3,1168,74,303
24.0,1:2:2,8,170,29,120
25.0,1:10:10,6,298,54,137
26.0,1:5:5,1,1620,30,1134
25.0,1:10:10,5,444,40,266
26.0,1:2:2,4,434,61,169
26.0,1:5:5,4,488,73,131
28.0,1:10:10,6,189,42,109
26.0,1:5:5,1,1620,31,1117
24.0,1:10:10,7,212,58,89
25.0,1:1:1,5,311,45,171
28.0,1:2:2,2,751,56,330
25.0,1:1:1,1,1540,56,677
24.0,1:1:1,1,1820,28,1310
28.0,1:1:1,4,295,105,-14
28.0,1:1:1,5,198,83,33
24.0,1:2:2,8,170,42,98
26.0,1:10:10,4,542,43,308
24.0,1:1:1,8,149,4,143
25.0,1:2:2,3,791,38,490
24.0,1:10:10,5,525,57,225
26.0,1:5:5,7,132,41,77
28.0,1:5:5,6,171,61,66
26.0,1:5:5,5,327,79,68
28.0,1:10:10,5,283,45,155
24.0,1:1:1,4,548,16,460
25.0,1:5:5,4,596,70,178
25.0,1:1:1,8,126,66,42
24.0,1:5:5,4,705,50,352
25.0,1:2:2,2,1180,71,342
28.0,1:2:2,5,226,71,65
26.0,1:5:5,4,488,68,156
28.0,1:2:2,3,503,62,191
26.0,1:1:1,7,103,85,15
25.0,1:2:2,3,791,28,569
26.0,1:1:1,2,845,27,616
24.0,1:1:1,7,149,40,89
28.0,1:5:5,4,380,86,53
24.0,1:2:2,3,935,55,420
28.0,1:2:2,8,91,71,26
28.0,1:5:5,3,566,78,124
24.0,1:5:5,5,472,55,212
25.0,1:1:1,7,126,46,68
26.0,1:1:1,7,103,70,30
28.0,1:5:5,5,254,53,119
26.0,1:1:1,5,254,55,114
28.0,1:2:2,8,91,81,17
26.0,1:5:5,4,488,79,102
26.0,1:10:10,3,809,59,331
28.0,1:10:10,2,938,54,431
28.0,1:1:1,8,80,58,33
26.0,1:2:2,8,118,58,49
24.0,1:10:10,1,2600,19,2106
24.0,1:5:5,4,705,44,394
25.0,1:10:10,3,989,7,919
26.0,1:5:5,7,132,58,55
24.0,1:2:2,8,170,66,57
24.0,1:10:10,2,1743,45,958
25.0,1:1:1,7,126,73,34
28.0,1:1:1,5,198,60,79
24.0,1:10:10,2,1743,48,906
26.0,1:2:2,6,195,47,103
26.0,1:2:2,6,195,64,70
26.0,1:1:1,7,103,28,74
25.0,1:1:1,5,311,49,158
25.0,1:10:10,5,444,0,444
25.0,1:10:10,1,2200,25,1650
24.0,1:1:1,5,367,18,300
24.0,1:1:1,8,149,46,80
28.0,1:2:2,4,337,59,138
24.0,1:2:2,5,420,47,222
25.0,1:1:1,3,692,41,408
25.0,1:10:10,5,444,70,133
26.0,1:2:2,1,1440,90,143
24.0,1:10:10,3,1168,41,689
26.0,1:10:10,3,809,55,364
24.0,1:5:5,5,472,16,396
26.0,1:2:2,3,647,62,245
26.0,1:10:10,2,1207,36,772
28.0,1:2:2,1,1120,56,492
26.0,1:1:1,8,103,78,22
28.0,1:1:1,1,980,70,294
26.0,1:10:10,3,809,55,364
24.0,1:2:2,3,935,28,673
25.0,1:1:1,6,208,8,191
26.0,1:5:5,4,488,53,229
24.0,1:2:2,2,1394,32,947
28.0,1:2:2,1,1120,60,448
28.0,1:10:10,4,422,73,113
28.0,1:2:2,7,91,58,38
26.0,1:1:1,6,171,11,152
28.0,1:5:5,7,103,74,26
26.0,1:2:2,1,1440,53,676
26.0,1:1:1,6,171,6,160
26.0,1:5:5,7,132,15,112
28.0,1:5:5,5,254,63,93
28.0,1:10:10,5,283,59,116
24.0,1:1:1,1,1820,19,1474
26.0,1:2:2,3,647,34,427
26.0,1:1:1,5,254,67,83
25.0,1:1:1,6,208,65,72
26.0,1:5:5,6,219,94,13
24.0,1:10:10,4,783,49,399
25.0,1:1:1,8,126,54,57
25.0,1:5:5,3,890,84,142
26.0,1:2:2,8,118,74,30
26.0,1:1:1,5,254,21,200
28.0,1:10:10,5,283,69,87
24.0,1:10:10,3,1168,49,595
25.0,1:5:5,8,162,80,32
25.0,1:10:10,4,663,36,424
25.0,1:5:5,6,268,59,109
25.0,1:10:10,5,444,12,390
24.0,1:10:10,2,1743,47,923
24.0,1:5:5,2,1569,55,706
25.0,1:10:10,8,180,26,133
25.0,1:1:1,8,126,48,65
26.0,1:5:5,4,488,44,273
26.0,1:2:2,8,118,70,35
25.0,1:5:5,3,890,51,436
26.0,1:1:1,1,1260,43,718
24.0,1:2:2,5,420,69,130
26.0,1:1:1,7,103,40,61
26.0,1:10:10,6,244,76,58
25.0,1:10:10,4,663,46,358
28.0,1:2:2,6,152,28,109
24.0,1:10:10,7,212,35,137
25.0,1:2:2,7,144,36,92
26.0,1:2:2,2,965,81,183
25.0,1:10:10,2,1475,30,1032
24.0,1:5:5,1,2340,58,982
26.0,1:1:1,2,845,64,304
25.0,1:2:2,1,1760,68,563
26.0,1:10:10,2,1207,8,1110
28.0,1:1:1,8,80,51,39
24.0,1:10:10,3,1168,36,747
24.0,1:5:5,2,1569,42,910
28.0,1:10:10,4,422,22,329
28.0,1:10:10,3,629,36,402
24.0,1:1:1,2,1220,41,719
28.0,1:5:5,1,1260,48,655
28.0,1:5:5,2,845,51,414
26.0,1:1:1,5,254,37,160
24.0,1:10:10,4,783,47,414
24.0,1:2:2,1,2080,23,1601
24.0,1:10:10,3,1168,39,712
26.0,1:10:10,8,147,30,102
24.0,1:5:5,7,191,45,105
26.0,1:10:10,1,1800,33,1205
28.0,1:5:5,1,1260,64,453
28.0,1:5:5,2,845,33,566
28.0,1:1:1,1,980,67,323
25.0,1:1:1,4,464,62,176
24.0,1:5:5,5,472,38,292
28.0,1:5:5,4,380,51,186
25.0,1:5:5,4,596,43,339
24.0,1:10:10,5,525,79,110
28.0,1:5:5,3,566,80,113
25.0,1:2:2,5,355,60,142
28.0,1:5:5,5,254,38,157
25.0,1:10:10,2,1475,65,516
25.0,1:1:1,4,464,32,315
28.0,1:2:2,4,337,83,57
28.0,1:1:1,3,440,88,52
26.0,1:10:10,8,147,38,91
26.0,1:1:1,8,103,34,67
26.0,1:2:2,1,1440,52,691
25.0,1:1:1,6,208,12,183
24.0,1:1:1,7,149,25,111
25.0,1:5:5,4,596,69,184
28.0,1:5:5,5,254,98,5
28.0,1:1:1,7,80,67,26
28.0,1:5:5,8,103,75,25
24.0,1:5:5,1,2340,21,1848
26.0,1:10:10,8,147,36,94
26.0,1:1:1,1,1260,53,592
24.0,1:5:5,4,705,52,338
26.0,1:10:10,2,1207,53,567
26.0,1:1:1,8,103,50,51
28.0,1:10:10,2,938,76,225
25.0,1:1:1,1,1540,89,169
26.0,1:2:2,4,434,66,147
24.0,1:2:2,3,935,45,514
24.0,1:5:5,3,1051,40,630
28.0,1:5:5,7,103,67,33
28.0,1:5:5,3,566,84,90
24.0,1:5:5,7,191,22,148
24.0,1:2:2,2,1394,48,724
28.0,1:10:10,1,1400,63,518
26.0,1:10:10,6,244,16,204
25.0,1:5:5,8,162,35,105
24.0,1:2:2,5,420,42,243
25.0,1:2:2,6,238,58,99
25.0,1:2:2,2,1180,46,637
26.0,1:2:2,6,195,23,150
24.0,1:10:10,4,783,46,422
24.0,1:10:10,3,1168,53,548
24.0,1:2:2,3,935,72,261
24.0,1:10:10,4,783,18,642
26.0,1:10:10,8,147,60,58
25.0,1:1:1,4,464,47,245
26.0,1:1:1,1,1260,33,844
24.0,1:5:5,3,1051,66,357
24.0,1:10:10,2,1743,38,1080
25.0,1:10:10,6,298,58,125
28.0,1:10:10,7,114,55,51
24.0,1:5:5,4,705,9,641
28.0,1:2:2,6,152,66,51
24.0,1:2:2,4,626,61,244
24.0,1:10:10,8,212,67,69
24.0,1:10:10,2,1743,44,976
28.0,1:10:10,2,938,87,121
25.0,1:1:1,3,692,51,339
24.0,1:1:1,3,818,90,81
26.0,1:1:1,3,566,20,452
28.0,1:10:10,5,283,25,212
24.0,1:2:2,5,420,31,289
28.0,1:1:1,4,295,23,227
24.0,1:2:2,1,2080,72,582
25.0,1:2:2,5,355,59,145
24.0,1:2:2,1,2080,53,977
24.0,1:2:2,2,1394,18,1143
28.0,1:1:1,8,80,74,20
26.0,1:10:10,3,809,13,703
26.0,1:5:5,5,327,34,215
28.0,1:5:5,7,103,88,12
26.0,1:2:2,4,434,39,264
26.0,1:2:2,4,434,36,277
28.0,1:5:5,8,103,44,57
26.0,1:2:2,4,434,22,338
25.0,1:5:5,3,890,77,204
24.0,1:1:1,3,818,26,605
28.0,1:5:5,2,845,84,135
24.0,1:1:1,7,149,36,95
24.0,1:2:2,1,2080,53,977
24.0,1:1:1,1,1820,36,1164
24.0,1:2:2,8,170,28,122
26.0,1:5:5,6,219,49,111
28.0,1:5:5,6,171,55,76
26.0,1:10:10,4,542,72,151
28.0,1:5:5,1,1260,41,743
24.0,1:1:1,7,149,57,64
24.0,1:1:1,8,149,44,83
26.0,1:5:5,6,219,42,127
26.0,1:2:2,4,434,33,290
26.0,1:10:10,8,147,55,66
28.0,1:1:1,8,80,91,7
26.0,1:5:5,7,132,52,63
24.0,1:5:5,8,191,5,181
25.0,1:2:2,1,1760,59,721
26.0,1:1:1,3,566,47,299
24.0,1:1:1,6,246,54,113
26.0,1:10:10,1,1800,69,558
24.0,1:5:5,8,191,32,129
26.0,1:5:5,6,219,42,127
24.0,1:5:5,7,191,35,124
24.0,1:1:1,1,1820,38,1128
24.0,1:2:2,6,281,21,221
24.0,1:5:5,1,2340,49,1193
28.0,1:10:10,7,114,92,9
24.0,1:5:5,2,1569,-3,1616
26.0,1:10:10,8,147,65,51
24.0,1:5:5,3,1051,35,683
28.0,1:5:5,8,103,69,31
25.0,1:1:1,7,126,74,32
28.0,1:10:10,3,629,97,18
24.0,1:1:1,8,149,40,89
26.0,1:1:1,1,1260,46,680
28.0,1:1:1,8,80,21,63
28.0,1:2:2,3,503,63,186
26.0,1:10:10,4,542,54,249
26.0,1:2:2,8,118,50,59
28.0,1:5:5,6,171,87,22
28.0,1:5:5,3,566,33,379
28.0,1:10:10,1,1400,73,378
24.0,1:10:10,6,352,15,299
28.0,1:1:1,6,133,51,65
24.0,1:1:1,1,1820,45,1001
28.0,1:5:5,1,1260,78,277
25.0,1:2:2,8,144,74,37
26.0,1:2:2,6,195,26,144
26.0,1:5:5,4,488,38,302
26.0,1:5:5,8,132,56,58
25.0,1:1:1,8,126,49,64
25.0,1:1:1,2,1032,44,577
25.0,1:2:2,5,355,50,177
25.0,1:2:2,4,530,57,227
24.0,1:1:1,3,818,24,621
26.0,1:2:2,2,965,50,482
24.0,1:5:5,8,191,56,84
25.0,1:2:2,2,1180,92,94
26.0,1:5:5,7,132,47,69
28.0,1:10:10,3,629,45,345
28.0,1:5:5,7,103,100,0
25.0,1:5:5,6,268,65,93
26.0,1:5:5,2,1086,88,130
25.0,1:1:1,3,692,38,429
28.0,1:5:5,4,380,57,163
24.0,1:5:5,3,1051,19,851
25.0,1:5:5,8,162,21,127
24.0,1:10:10,1,2600,68,831
24.0,1:1:1,4,548,41,323
26.0,1:1:1,2,845,64,304
28.0,1:1:1,5,198,88,23
25.0,1:10:10,6,298,63,110
24.0,1:2:2,2,1394,23,1073
28.0,1:5:5,5,254,83,43
26.0,1:1:1,4,380,55,170
26.0,1:1:1,3,566,55,254
25.0,1:5:5,8,162,55,72
24.0,1:2:2,2,1394,9,1268
28.0,1:1:1,8,80,81,15
26.0,1:10:10,4,542,60,216
26.0,1:10:10,7,147,30,102
25.0,1:2:2,1,1760,12,1548
26.0,1:10:10,2,1207,20,965
25.0,1:2:2,7,144,27,105
26.0,1:10:10,3,809,68,258
26.0,1:2:2,6,195,36,124
24.0,1:5:5,8,191,32,129
24.0,1:2:2,3,935,69,289
24.0,1:5:5,1,2340,31,1614
25.0,1:5:5,3,890,77,204
28.0,1:2:2,2,751,110,-75
26.0,1:1:1,7,103,48,53
28.0,1:2:2,2,751,89,82
25.0,1:1:1,5,311,50,155
28.0,1:2:2,8,91,43,51
28.0,1:10:10,4,422,11,375
26.0,1:1:1,7,103,64,37
24.0,1:10:10,5,525,36,336
24.0,1:1:1,2,1220,56,536
26.0,1:5:5,4,488,60,195
24.0,1:1:1,4,548,37,345
25.0,1:5:5,1,1980,65,693
24.0,1:1:1,7,149,30,104
26.0,1:10:10,5,363,61,141
28.0,1:2:2,2,751,31,518
28.0,1:1:1,1,980,44,548
24.0,1:1:1,1,1820,46,982
24.0,1:2:2,7,170,-4,176
24.0,1:10:10,7,212,-8,228
26.0,1:2:2,1,1440,28,1036
24.0,1:5:5,5,472,71,136
28.0,1:5:5,8,103,47,54
26.0,1:1:1,1,1260,62,478
24.0,1:2:2,4,626,48,325
25.0,1:2:2,6,238,8,218
25.0,1:5:5,8,162,61,63
25.0,1:5:5,6,268,56,117
26.0,1:10:10,2,1207,32,820
24.0,1:2:2,4,626,22,488
26.0,1:2:2,7,118,39,71
26.0,1:2:2,7,118,58,49
26.0,1:1:1,1,1260,81,239
26.0,1:1:1,6,171,57,73
28.0,1:5:5,2,845,75,211
24.0,1:1:1,2,1220,50,610
24.0,1:2:2,5,420,0,420
28.0,1:5:5,5,254,59,104
24.0,1:1:1,7,149,78,32
28.0,1:10:10,2,938,39,572
25.0,1:1:1,3,692,50,346
26.0,1:2:2,1,1440,70,432
26.0,1:1:1,3,566,56,249
26.0,1:1:1,5,254,64,91
28.0,1:1:1,6,133,41,78
28.0,1:1:1,8,80,55,36
25.0,1:10:10,1,2200,82,396
26.0,1:10:10,3,809,55,364
24.0,1:5:5,3,1051,3,1019
25.0,1:1:1,5,311,43,177
25.0,1:2:2,1,1760,49,897
28.0,1:2:2,3,503,42,291
28.0,1:2:2,6,152,46,82
28.0,1:5:5,1,1260,73,340
28.0,1:1:1,1,980,69,303
24.0,1:2:2,2,1394,45,766
28.0,1:10:10,5,283,60,113
26.0,1:2:2,5,291,34,192
25.0,1:10:10,8,180,48,93
26.0,1:5:5,6,219,20,175
26.0,1:2:2,7,118,22,92
26.0,1:10:10,3,809,72,226
28.0,1:1:1,1,980,51,480
28.0,1:5:5,4,380,62,144
24.0,1:2:2,2,1394,28,1003
24.0,1:10:10,5,525,66,178
28.0,1:1:1,3,440,37,277
24.0,1:5:5,8,191,23,147
28.0,1:1:1,7,80,90,7
28.0,1:2:2,5,226,50,113
26.0,1:5:5,5,327,36,209
28.0,1:2:2,4,337,62,128
25.0,1:2:2,4,530,73,143
25.0,1:1:1,5,311,33,208
28.0,1:5:5,1,1260,90,125
28.0,1:1:1,3,440,78,96
28.0,1:1:1,2,657,77,151
25.0,1:2:2,4,530,13,461
25.0,1:10:10,1,2200,8,2024
28.0,1:2:2,6,152,103,-4
26.0,1:2:2,5,291,60,116
24.0,1:2:2,5,420,37,264
25.0,1:1:1,3,692,75,173
28.0,1:5:5,6,171,56,75
26.0,1:2:2,8,118,76,28
28.0,1:2:2,5,226,47,119
28.0,1:1:1,5,198,69,61
26.0,1:2:2,6,195,68,62
26.0,1:1:1,4,380,45,209
28.0,1:2:2,2,751,52,360
25.0,1:5:5,8,162,78,35
28.0,1:5:5,5,254,97,7
25.0,1:2:2,8,144,35,93
26.0,1:1:1,6,171,98,3
28.0,1:1:1,5,198,36,126
24.0,1:5:5,4,705,36,451
28.0,1:10:10,5,283,59,116
26.0,1:2:2,6,195,29,138
26.0,1:5:5,8,132,72,36
26.0,1:2:2,3,647,47,342
24.0,1:2:2,3,935,53,439
24.0,1:10:10,5,525,66,178
25.0,1:2:2,5,355,65,124
26.0,1:1:1,4,380,71,110
26.0,1:2:2,2,965,53,453
26.0,1:10:10,5,363,39,221
24.0,1:10:10,2,1743,84,278
28.0,1:2:2,1,1120,74,291
25.0,1:5:5,8,162,48,84
26.0,1:1:1,2,845,68,270
28.0,1:5:5,3,566,52,271
24.0,1:10:10,5,525,43,299
24.0,1:1:1,6,246,30,172
25.0,1:2:2,3,791,65,276
24.0,1:5:5,8,191,51,93
28.0,1:2:2,6,152,33,101
25.0,1:2:2,2,1180,94,70
28.0,1:2:2,8,91,20,72
28.0,1:2:2,6,152,18,124
26.0,1:10:10,8,147,73,39
25.0,1:10:10,6,298,55,134
25.0,1:5:5,8,162,53,76
28.0,1:10:10,5,283,43,161
28.0,1:2:2,6,152,64,54
26.0,1:10:10,6,244,64,87
25.0,1:5:5,7,162,58,68
28.0,1:10:10,3,629,60,251
24.0,1:5:5,8,191,27,139
24.0,1:5:5,7,191,27,139
26.0,1:1:1,8,103,42,59
24.0,1:5:5,4,705,22,549
24.0,1:1:1,8,149,33,99
25.0,1:5:5,2,1327,63,490
25.0,1:5:5,4,596,48,309
25.0,1:2:2,8,144,24,109
25.0,1:10:10,4,663,74,172
24.0,1:2:2,1,2080,-10,2288
28.0,1:10:10,8,114,70,34
24.0,1:2:2,8,170,15,144
28.0,1:2:2,7,91,31,62
24.0,1:10:10,4,783,14,673
24.0,1:2:2,6,281,43,160
25.0,1:5:5,8,162,55,72
26.0,1:10:10,7,147,67,48
25.0,1:1:1,8,126,80,25
25.0,1:2:2,8,144,28,103
28.0,1:10:10,4,422,37,265
25.0,1:5:5,1,1980,56,871
25.0,1:1:1,7,126,49,64
25.0,1:1:1,8,126,27,91
24.0,1:10:10,2,1743,29,1237
26.0,1:10:10,8,147,28,105
26.0,1:5:5,7,132,61,51
26.0,1:1:1,1,1260,50,630
24.0,1:10:10,1,2600,32,1767
26.0,1:10:10,4,542,71,157
24.0,1:5:5,8,191,65,66
25.0,1:10:10,7,180,35,117
28.0,1:2:2,8,91,93,6
24.0,1:1:1,1,1820,40,1092
24.0,1:1:1,4,548,66,186
25.0,1:2:2,7,144,57,61
28.0,1:1:1,5,198,58,83
28.0,1:5:5,6,171,64,61
26.0,1:1:1,6,171,45,94
25.0,1:10:10,6,298,77,68
26.0,1:10:10,6,244,87,31
24.0,1:2:2,6,281,33,188
26.0,1:5:5,5,327,64,117
26.0,1:1:1,6,171,52,82
28.0,1:5:5,7,103,26,76
25.0,1:10:10,5,444,76,106
24.0,1:10:10,4,783,73,211
24.0,1:1:1,6,246,47,130
24.0,1:1:1,8,149,6,140
25.0,1:10:10,2,1475,64,531
26.0,1:5:5,5,327,53,153
26.0,1:1:1,1,1260,64,453
26.0,1:2:2,6,195,69,60
25.0,1:5:5,1,1980,57,851
25.0,1:1:1,6,208,53,97
25.0,1:2:2,5,355,72,99
28.0,1:5:5,1,1260,75,315
28.0,1:5:5,4,380,52,182
28.0,1:5:5,5,254,100,0
26.0,1:10:10,4,542,64,195
24.0,1:2:2,7,170,30,118
24.0,1:10:10,3,1168,24,887
28.0,1:5:5,4,380,73,102
24.0,1:1:1,6,246,44,137
26.0,1:10:10,2,1207,59,494
25.0,1:5:5,3,890,88,106
24.0,1:10:10,2,1743,57,749
24.0,1:1:1,5,367,11,326
24.0,1:10:10,3,1168,18,957
25.0,1:10:10,1,2200,37,1386
28.0,1:1:1,5,198,27,144
26.0,1:2:2,7,118,52,56
26.0,1:1:1,6,171,41,100
26.0,1:10:10,6,244,67,80
24.0,1:5:5,4,705,10,634
28.0,1:2:2,2,751,54,345
24.0,1:10:10,2,1743,52,836
28.0,1:1:1,1,980,43,558
26.0,1:2:2,4,434,11,386
26.0,1:2:2,8,118,67,38
25.0,1:2:2,8,144,40,86
28.0,1:1:1,7,80,32,54
26.0,1:1:1,7,103,45,56
28.0,1:10:10,4,422,42,244
24.0,1:1:1,7,149,14,128
25.0,1:5:5,2,1327,55,597
28.0,1:2:2,3,503,74,130
26.0,1:10:10,5,363,46,196
24.0,1:1:1,4,548,69,169
25.0,1:5:5,2,1327,42,769
28.0,1:5:5,4,380,79,79
26.0,1:10:10,7,147,47,77
25.0,1:2:2,3,791,31,545
25.0,1:1:1,1,1540,54,708
24.0,1:2:2,5,420,45,231
24.0,1:10:10,6,352,46,190
25.0,1:10:10,7,180,52,86
25.0,1:1:1,5,311,13,270
25.0,1:1:1,3,692,77,159
28.0,1:10:10,7,114,60,45
24.0,1:10:10,3,1168,34,770
25.0,1:10:10,7,180,35,117
25.0,1:1:1,4,464,83,78
24.0,1:10:10,7,212,56,93
25.0,1:1:1,5,311,35,202
26.0,1:1:1,8,103,53,48
24.0,1:1:1,3,818,23,629
28.0,1:2:2,1,1120,77,257
26.0,1:10:10,4,542,80,108
28.0,1:5:5,2,845,73,228
28.0,1:1:1,5,198,75,49
25.0,1:10:10,2,1475,36,944
25.0,1:5:5,7,162,65,56
28.0,1:1:1,4,295,29,209
24.0,1:5:5,1,2340,42,1357
24.0,1:1:1,7,149,52,71
26.0,1:1:1,6,171,56,75
25.0,1:5:5,5,400,40,240
24.0,1:1:1,6,246,48,127
25.0,1:1:1,1,1540,41,908
24.0,1:2:2,3,935,60,374
25.0,1:2:2,7,144,54,66
24.0,1:5:5,5,472,18,387
24.0,1:5:5,5,472,29,335
26.0,1:1:1,2,845,54,388
25.0,1:5:5,5,400,28,288
26.0,1:10:10,2,1207,33,808
25.0,1:10:10,1,2200,35,1430
26.0,1:5:5,7,132,34,87
26.0,1:5:5,4,488,70,146
28.0,1:10:10,3,629,86,88
28.0,1:2:2,8,91,57,39
24.0,1:1:1,7,149,34,98
26.0,1:2:2,1,1440,81,273
25.0,1:2:2,8,144,42,83
25.0,1:1:1,8,126,35,81
28.0,1:5:5,8,103,41,60
28.0,1:10:10,6,189,51,92
28.0,1:1:1,2,657,49,335
26.0,1:5:5,6,219,32,148
25.0,1:10:10,7,180,27,131
28.0,1:10:10,3,629,29,446
28.0,1:5:5,6,171,40,102
25.0,1:2:2,2,1180,26,873
25.0,1:1:1,7,126,7,117
24.0,1:2:2,6,281,45,154
25.0,1:10:10,2,1475,42,855
25.0,1:5:5,8,162,15,137
25.0,1:10:10,6,298,57,128
28.0,1:10:10,3,629,85,94
26.0,1:1:1,8,103,54,47
28.0,1:5:5,4,380,45,209
28.0,1:2:2,8,91,46,49
25.0,1:5:5,6,268,43,152
26.0,1:5:5,5,327,30,228
26.0,1:2:2,3,647,3,627
26.0,1:1:1,1,1260,22,982
26.0,1:2:2,3,647,46,349
28.0,1:10:10,7,114,78,25
25.0,1:1:1,4,464,53,218
26.0,1:1:1,2,845,28,608
25.0,1:2:2,1,1760,28,1267
26.0,1:1:1,1,1260,75,315
25.0,1:5:5,4,596,38,369
26.0,1:5:5,5,327,45,179
24.0,1:2:2,5,420,18,344
25.0,1:10:10,2,1475,32,1002
28.0,1:1:1,2,657,56,289
26.0,1:1:1,3,566,49,288
25.0,1:10:10,6,298,36,190
26.0,1:10:10,2,1207,70,362
28.0,1:10:10,5,283,57,121
25.0,1:5:5,3,890,50,445
26.0,1:5:5,7,132,38,81
26.0,1:2:2,7,118,57,50
28.0,1:10:10,4,422,36,270
26.0,1:1:1,1,1260,43,718
28.0,1:10:10,5,283,31,195
26.0,1:10:10,6,244,67,80
25.0,1:5:5,5,400,57,172
24.0,1:5:5,7,191,50,95
28.0,1:5:5,6,171,30,119
24.0,1:10:10,5,525,45,288
26.0,1:5:5,4,488,83,82
26.0,1:10:10,2,1207,56,531
25.0,1:10:10,8,180,57,77
25.0,1:1:1,3,692,42,401
26.0,1:2:2,5,291,24,221
26.0,1:10:10,1,1800,25,1350
26.0,1:5:5,3,728,67,240
26.0,1:1:1,4,380,56,167
24.0,1:10:10,4,783,49,399
25.0,1:2:2,4,530,91,47
24.0,1:10:10,2,1743,38,1080
26.0,1:5:5,4,488,40,292
26.0,1:2:2,6,195,74,50
24.0,1:1:1,7,149,25,111
26.0,1:5:5,5,327,42,189
25.0,1:2:2,2,1180,79,247
28.0,1:10:10,1,1400,104,-56
26.0,1:1:1,7,103,50,51
26.0,1:10:10,1,1800,61,702
28.0,1:5:5,1,1260,108,-100
24.0,1:5:5,4,705,51,345
24.0,1:2:2,7,170,17,141
25.0,1:2:2,8,144,35,93
26.0,1:10:10,2,1207,50,603
26.0,1:5:5,5,327,63,120
24.0,1:1:1,8,149,38,92
24.0,1:2:2,2,1394,55,627
24.0,1:2:2,1,2080,14,1788
28.0,1:2:2,3,503,67,165
28.0,1:10:10,1,1400,35,910
28.0,1:2:2,1,1120,83,190
28.0,1:10:10,7,114,69,35
28.0,1:2:2,1,1120,83,190
25.0,1:5:5,2,1327,68,424
26.0,1:1:1,6,171,75,42
24.0,1:10:10,4,783,31,540
24.0,1:5:5,8,191,54,87
24.0,1:2:2,8,170,-3,175
25.0,1:2:2,8,144,67,47
24.0,1:10:10,8,212,54,97
24.0,1:10:10,1,2600,47,1378
25.0,1:5:5,7,162,72,45
28.0,1:1:1,3,440,43,250
26.0,1:5:5,6,219,42,127
25.0,1:10:10,8,180,48,93
24.0,1:1:1,3,818,-10,899
28.0,1:5:5,8,103,39,62
26.0,1:1:1,5,254,28,182
26.0,1:5:5,1,1620,26,1198
25.0,1:5:5,8,162,53,76
28.0,1:1:1,3,440,86,61
26.0,1:2:2,2,965,54,443
24.0,1:1:1,4,548,29,389
24.0,1:10:10,4,783,13,681
26.0,1:10:10,3,809,34,533
28.0,1:5:5,4,380,56,167
25.0,1:5:5,1,1980,44,1108
24.0,1:1:1,2,1220,0,1220
24.0,1:10:10,6,352,73,95
24.0,1:5:5,4,705,55,317
26.0,1:1:1,3,566,53,266
28.0,1:1:1,7,80,40,48
28.0,1:5:5,6,171,73,46
24.0,1:2:2,4,626,61,244
28.0,1:5:5,5,254,47,134
28.0,1:10:10,8,114,74,29
25.0,1:2:2,8,144,30,100
24.0,1:10:10,1,2600,18,2132
28.0,1:10:10,3,629,44,352
26.0,1:2:2,2,965,49,492
26.0,1:5:5,6,219,14,188
25.0,1:2:2,4,530,53,249
25.0,1:1:1,2,1032,27,753
26.0,1:10:10,7,147,52,70
26.0,1:5:5,5,327,36,209
26.0,1:1:1,5,254,73,68
25.0,1:1:1,8,126,39,76
28.0,1:2:2,4,337,77,77
26.0,1:10:10,1,1800,26,1332
28.0,1:2:2,1,1120,81,212
26.0,1:1:1,7,103,65,36
24.0,1:2:2,1,2080,4,1996
25.0,1:1:1,3,692,49,352
26.0,1:10:10,6,244,35,158
25.0,1:10:10,5,444,47,235
24.0,1:5:5,6,317,61,123
25.0,1:5:5,7,162,33,108
25.0,1:2:2,8,144,94,8
26.0,1:1:1,2,845,37,532
24.0,1:1:1,2,1220,48,634
25.0,1:1:1,7,126,30,88
26.0,1:10:10,1,1800,51,882
24.0,1:10:10,5,525,35,341
28.0,1:5:5,6,171,61,66
25.0,1:10:10,1,2200,47,1166
24.0,1:5:5,8,191,31,131
24.0,1:10:10,3,1168,45,642
26.0,1:5:5,8,132,12,116
25.0,1:1:1,2,1032,71,299
26.0,1:10:10,5,363,53,170
24.0,1:5:5,8,191,33,127
24.0,1:10:10,6,352,0,352
25.0,1:2:2,3,791,22,616
26.0,1:5:5,5,327,29,232
24.0,1:5:5,2,1569,70,470
28.0,1:2:2,3,503,28,362
24.0,1:2:2,7,170,50,85
26.0,1:1:1,6,171,75,42
24.0,1:10:10,7,212,47,112
24.0,1:5:5,2,1569,10,1412
28.0,1:5:5,5,254,56,111
25.0,1:1:1,2,1032,22,804
24.0,1:10:10,3,1168,34,770
26.0,1:2:2,4,434,22,338
24.0,1:2:2,5,420,38,260
26.0,1:1:1,5,254,64,91
26.0,1:5:5,8,132,47,69
28.0,1:10:10,3,629,62,239
26.0,1:1:1,1,1260,59,516
24.0,1:10:10,3,1168,51,572
25.0,1:5:5,7,162,78,35
26.0,1:5:5,3,728,21,575
26.0,1:2:2,4,434,61,169
28.0,1:5:5,6,171,31,117
24.0,1:1:1,3,818,33,548
25.0,1:10:10,7,180,61,70
28.0,1:5:5,5,254,60,101
28.0,1:1:1,3,440,51,215
28.0,1:1:1,4,295,49,150
26.0,1:5:5,7,132,43,75
25.0,1:2:2,1,1760,51,862
28.0,1:1:1,2,657,78,144
26.0,1:10:10,6,244,8,224
25.0,1:10:10,1,2200,11,1958
24.0,1:10:10,2,1743,55,784
28.0,1:1:1,7,80,82,14
26.0,1:2:2,7,118,69,36
26.0,1:1:1,4,380,25,285
26.0,1:10:10,3,809,40,485
28.0,1:10:10,4,422,89,46
24.0,1:10:10,6,352,41,207
28.0,1:10:10,7,114,69,35
25.0,1:1:1,5,311,24,236
25.0,1:5:5,5,400,60,160
25.0,1:5:5,7,162,43,92
26.0,1:1:1,7,103,78,22
26.0,1:5:5,3,728,73,196
25.0,1:2:2,5,355,27,259
28.0,1:10:10,1,1400,87,182
25.0,1:5:5,8,162,64,58
25.0,1:5:5,2,1327,37,836
28.0,1:5:5,1,1260,76,302
26.0,1:10:10,3,809,38,501
25.0,1:1:1,6,208,91,18
26.0,1:10:10,6,244,53,114
26.0,1:10:10,5,363,38,225
25.0,1:10:10,4,663,60,265
25.0,1:10:10,5,444,82,79
24.0,1:1:1,1,1820,12,1601
26.0,1:5:5,3,728,29,516
26.0,1:10:10,6,244,46,131
26.0,1:1:1,5,254,60,101
24.0,1:5:5,7,191,18,156
28.0,1:5:5,7,103,45,56
28.0,1:5:5,2,845,48,439
26.0,1:2:2,3,647,49,329
24.0,1:1:1,5,367,14,315
28.0,1:10:10,5,283,52,135
24.0,1:1:1,7,149,51,73
28.0,1:1:1,4,295,54,135
24.0,1:2:2,1,2080,23,1601
26.0,1:1:1,5,254,15,215
25.0,1:2:2,5,355,36,227
26.0,1:5:5,5,327,43,186
26.0,1:1:1,8,103,32,70
26.0,1:2:2,1,1440,43,820
28.0,1:1:1,5,198,38,122
25.0,1:1:1,8,126,49,64
25.0,1:1:1,3,692,58,290
25.0,1:5:5,1,1980,74,514
24.0,1:2:2,3,935,32,635
28.0,1:5:5,2,845,51,414
25.0,1:1:1,5,311,82,55
25.0,1:10:10,1,2200,83,374
28.0,1:5:5,7,103,78,22
24.0,1:10:10,2,1743,54,801
28.0,1:10:10,4,422,84,67
28.0,1:5:5,8,103,27,75
24.0,1:1:1,1,1820,19,1474
26.0,1:5:5,1,1620,31,1117
28.0,1:1:1,7,80,81,15
26.0,1:2:2,5,291,61,113
24.0,1:10:10,2,1743,23,1342
24.0,1:10:10,3,1168,53,548
28.0,1:5:5,6,171,23,131
28.0,1:10:10,1,1400,38,868
28.0,1:5:5,2,845,69,261
26.0,1:10:10,8,147,53,69
26.0,1:1:1,7,103,19,83
24.0,1:5:5,7,191,12,168
24.0,1:5:5,2,1569,31,1082
24.0,1:2:2,1,2080,36,1331
24.0,1:2:2,7,170,67,56
26.0,1:2:2,3,647,66,219
25.0,1:5:5,6,268,70,80
25.0,1:5:5,4,596,21,470
26.0,1:2:2,7,118,59,48
28.0,1:5:5,3,566,70,169
26.0,1:2:2,1,1440,74,374
25.0,1:5:5,1,1980,77,455
24.0,1:10:10,7,212,56,93
25.0,1:10:10,8,180,38,111
28.0,1:5:5,2,845,75,211
26.0,1:5:5,2,1086,51,532
25.0,1:10:10,1,2200,41,1298
26.0,1:1:1,6,171,67,56
28.0,1:5:5,2,845,43,481
28.0,1:5:5,3,566,38,350
25.0,1:1:1,6,208,33,139
25.0,1:10:10,7,180,47,95
25.0,1:5:5,8,162,42,93
25.0,1:5:5,7,162,63,59
24.0,1:1:1,1,1820,24,1383
25.0,1:10:10,3,989,53,464
26.0,1:5:5,6,219,65,76
24.0,1:5:5,8,191,31,131
25.0,1:5:5,4,596,60,238
25.0,1:1:1,1,1540,40,924
25.0,1:5:5,4,596,15,506
24.0,1:5:5,8,191,54,87
24.0,1:10:10,8,212,24,161
28.0,1:1:1,5,198,12,174
26.0,1:5:5,1,1620,34,1069
25.0,1:2:2,6,238,41,140
25.0,1:2:2,7,144,45,79
25.0,1:10:10,7,180,38,111
28.0,1:5:5,3,566,79,118
25.0,1:10:10,8,180,56,79
28.0,1:1:1,8,80,63,29
24.0,1:2:2,2,1394,6,1310
25.0,1:5:5,5,400,36,256
26.0,1:2:2,2,965,47,511
24.0,1:1:1,6,246,41,145
28.0,1:1:1,5,198,81,37
24.0,1:2:2,3,935,23,719
28.0,1:2:2,7,91,68,29
25.0,1:10:10,5,444,74,115
24.0,1:5:5,1,2340,55,1053
24.0,1:1:1,4,548,24,416
25.0,1:1:1,2,1032,100,0
24.0,1:5:5,4,705,3,683
25.0,1:5:5,5,400,52,192
25.0,1:5:5,6,268,57,115
26.0,1:1:1,1,1260,62,478
28.0,1:10:10,4,422,58,177
26.0,1:10:10,1,1800,48,936
28.0,1:2:2,1,1120,65,392
25.0,1:10:10,2,1475,53,693
26.0,1:2:2,2,965,65,337
28.0,1:2:2,6,152,31,104
24.0,1:1:1,5,367,59,150
24.0,1:5:5,2,1569,51,768
26.0,1:2:2,3,647,50,323
28.0,1:5:5,7,103,50,51
28.0,1:2:2,2,751,26,555
25.0,1:1:1,4,464,59,190
25.0,1:1:1,4,464,41,273
25.0,1:2:2,1,1760,62,668
26.0,1:5:5,4,488,23,375
25.0,1:5:5,1,1980,53,930
26.0,1:10:10,3,809,32,550
26.0,1:10:10,6,244,9,222
24.0,1:5:5,1,2340,64,842
25.0,1:10:10,2,1475,52,708
26.0,1:2:2,1,1440,72,403
26.0,1:2:2,8,118,26,87
25.0,1:5:5,8,162,30,113
25.0,1:5:5,2,1327,26,981
24.0,1:1:1,4,548,38,339
24.0,1:1:1,8,149,14,128
28.0,1:5:5,5,254,30,177
28.0,1:1:1,4,295,58,123
25.0,1:10:10,3,989,51,484
28.0,1:5:5,2,845,64,304
25.0,1:1:1,4,464,43,264
28.0,1:5:5,2,845,91,76
25.0,1:2:2,5,355,75,88
25.0,1:10:10,1,2200,45,1210
28.0,1:1:1,6,133,55,59
26.0,1:2:2,6,195,31,134
24.0,1:1:1,7,149,58,62
26.0,1:10:10,3,809,71,234
24.0,1:1:1,5,367,65,128
28.0,1:5:5,6,171,60,68
26.0,1:10:10,6,244,81,46
26.0,1:5:5,5,327,47,173
25.0,1:1:1,1,1540,83,261
25.0,1:10:10,7,180,54,82
25.0,1:5:5,7,162,54,74
28.0,1:10:10,6,189,85,28
26.0,1:2:2,7,118,60,47
24.0,1:2:2,4,626,58,262
24.0,1:1:1,2,1220,41,719
26.0,1:10:10,4,542,54,249
28.0,1:10:10,1,1400,92,111
28.0,1:1:1,8,80,63,29
25.0,1:5:5,2,1327,4,1273
25.0,1:5:5,5,400,39,244
26.0,1:1:1,7,103,35,66
25.0,1:1:1,3,692,47,366
25.0,1:1:1,5,311,35,202
24.0,1:1:1,8,149,35,96
28.0,1:2:2,8,91,29,64
24.0,1:2:2,8,170,45,93
24.0,1:10:10,6,352,29,249
24.0,1:1:1,2,1220,61,475
28.0,1:2:2,8,91,40,54
25.0,1:5:5,5,400,66,136
28.0,1:2:2,5,226,67,74
28.0,1:1:1,5,198,72,55
25.0,1:1:1,1,1540,50,770
28.0,1:10:10,7,114,56,50
26.0,1:10:10,1,1800,49,918
28.0,1:1:1,7,80,20,64
26.0,1:2:2,4,434,89,47
25.0,1:10:10,1,2200,47,1166
25.0,1:10:10,5,444,13,386
28.0,1:1:1,8,80,69,24
26.0,1:5:5,3,728,60,291
28.0,1:10:10,4,422,69,130
24.0,1:2:2,7,170,51,83
28.0,1:1:1,6,133,19,107
25.0,1:1:1,1,1540,76,369
26.0,1:10:10,6,244,13,212
28.0,1:10:10,8,114,37,71
25.0,1:2:2,6,238,63,88
26.0,1:1:1,2,845,48,439
26.0,1:10:10,4,542,43,308
24.0,1:2:2,3,935,64,336
24.0,1:10:10,2,1743,49,888
28.0,1:1:1,5,198,90,19
28.0,1:2:2,5,226,80,45
28.0,1:10:10,4,422,32,286
24.0,1:2:2,8,170,16,142
28.0,1:2:2,4,337,98,6
28.0,1:10:10,6,189,58,79
28.0,1:5:5,2,845,60,338
24.0,1:10:10,4,783,54,360
25.0,1:2:2,4,530,57,227
24.0,1:5:5,8,191,61,74
26.0,1:10:10,8,147,22,114
24.0,1:5:5,5,472,47,250
28.0,1:5:5,3,566,36,362
26.0,1:2:2,5,291,68,93
26.0,1:1:1,5,254,53,119
28.0,1:1:1,1,980,23,754
26.0,1:2:2,8,118,52,56
26.0,1:2:2,7,118,54,54
25.0,1:2:2,4,530,76,127
24.0,1:1:1,3,818,42,474
25.0,1:5:5,3,890,36,569
25.0,1:1:1,2,1032,49,526
25.0,1:1:1,6,208,53,97
26.0,1:2:2,4,434,67,143
24.0,1:2:2,2,1394,29,989
26.0,1:5:5,1,1620,29,1150
26.0,1:10:10,1,1800,18,1476
28.0,1:1:1,4,295,46,159
25.0,1:1:1,4,464,66,157
25.0,1:10:10,5,444,35,288
25.0,1:10:10,6,298,65,104
28.0,1:2:2,6,152,72,42
26.0,1:10:10,8,147,19,119
25.0,1:2:2,6,238,33,159
25.0,1:1:1,4,464,66,157
25.0,1:2:2,6,238,41,140
24.0,1:5:5,2,1569,36,1004
28.0,1:10:10,5,283,50,141
28.0,1:2:2,5,226,53,106
24.0,1:5:5,2,1569,4,1506
28.0,1:10:10,1,1400,83,238
25.0,1:5:5,2,1327,47,703
25.0,1:1:1,4,464,53,218
24.0,1:5:5,7,191,39,116
25.0,1:1:1,4,464,11,412
26.0,1:10:10,7,147,25,110
28.0,1:1:1,5,198,51,97
24.0,1:2:2,4,626,34,413
26.0,1:5:5,2,1086,75,271
25.0,1:10:10,8,180,24,136
24.0,1:2:2,4,626,29,444
24.0,1:5:5,2,1569,11,1396
25.0,1:2:2,4,530,13,461
24.0,1:10:10,2,1743,42,1010
26.0,1:2:2,5,291,31,200
26.0,1:2:2,8,118,37,74
24.0,1:10:10,8,212,20,169
25.0,1:1:1,8,126,46,68
24.0,1:2:2,6,281,36,179
26.0,1:2:2,8,118,41,69
26.0,1:2:2,2,965,57,414
28.0,1:10:10,2,938,64,337
24.0,1:1:1,6,246,61,95
28.0,1:10:10,7,114,53,53
28.0,1:2:2,4,337,50,168
24.0,1:1:1,3,818,48,425
25.0,1:10:10,5,444,31,306
26.0,1:2:2,8,118,27,86
26.0,1:5:5,8,132,17,109
26.0,1:10:10,4,542,34,357
24.0,1:2:2,1,2080,53,977
24.0,1:1:1,7,149,20,119
24.0,1:1:1,8,149,32,101
26.0,1:10:10,5,363,17,301
26.0,1:5:5,8,132,57,56
25.0,1:1:1,4,464,58,194
28.0,1:2:2,5,226,10,203
28.0,1:2:2,4,337,62,128
28.0,1:5:5,5,254,47,134
25.0,1:2:2,3,791,0,791
25.0,1:2:2,4,530,25,397
24.0,1:10:10,5,525,51,257
28.0,1:5:5,2,845,42,490
25.0,1:5:5,2,1327,17,1101
28.0,1:2:2,4,337,39,205
25.0,1:10:10,5,444,15,377
26.0,1:1:1,5,254,59,104
25.0,1:5:5,1,1980,63,732
26.0,1:2:2,1,1440,44,806
26.0,1:1:1,2,845,100,0
26.0,1:10:10,2,1207,32,820
28.0,1:2:2,1,1120,31,772
28.0,1:5:5,3,566,64,203
25.0,1:5:5,2,1327,71,384
24.0,1:2:2,6,281,52,134
26.0,1:2:2,1,1440,17,1195
28.0,1:10:10,7,114,60,45
26.0,1:10:10,8,147,78,32
26.0,1:5:5,2,1086,47,575
25.0,1:10:10,1,2200,72,616
26.0,1:1:1,7,103,63,38
25.0,1:10:10,6,298,48,154
28.0,1:5:5,6,171,75,42
25.0,1:5:5,4,596,58,250
24.0,1:10:10,7,212,33,142
25.0,1:1:1,4,464,58,194
26.0,1:5:5,4,488,32,331
24.0,1:2:2,5,420,7,390
24.0,1:5:5,6,317,16,266
28.0,1:10:10,4,422,68,135
28.0,1:5:5,5,254,56,111
25.0,1:1:1,7,126,36,80
25.0,1:10:10,2,1475,42,855
25.0,1:2:2,2,1180,47,625
25.0,1:5:5,4,596,53,280
24.0,1:10:10,1,2600,77,598
26.0,1:2:2,5,291,47,154
24.0,1:1:1,2,1220,41,719
24.0,1:2:2,7,170,53,79
26.0,1:5:5,3,728,47,385
28.0,1:2:2,1,1120,65,392
25.0,1:1:1,3,692,32,470
24.0,1:10:10,2,1743,41,1028
24.0,1:1:1,7,149,6,140
25.0,1:5:5,5,400,69,124
24.0,1:10:10,5,525,42,304
25.0,1:5:5,6,268,63,99
25.0,1:1:1,3,692,82,124
24.0,1:10:10,3,1168,23,899
24.0,1:5:5,4,705,66,239
28.0,1:10:10,5,283,58,118
28.0,1:5:5,6,171,81,32
26.0,1:1:1,5,254,72,71
24.0,1:2:2,3,935,28,673
26.0,1:10:10,7,147,89,16
26.0,1:10:10,1,1800,74,468
24.0,1:5:5,7,191,78,42
26.0,1:1:1,5,254,56,111
26.0,1:2:2,5,291,48,151
28.0,1:2:2,5,226,57,97
25.0,1:2:2,1,1760,33,1179
25.0,1:10:10,3,989,57,425
26.0,1:5:5,1,1620,53,761
26.0,1:5:5,5,327,8,300
28.0,1:10:10,1,1400,71,406
25.0,1:5:5,3,890,35,578
26.0,1:10:10,6,244,51,119
28.0,1:2:2,8,91,33,60
26.0,1:10:10,2,1207,67,398
25.0,1:10:10,8,180,57,77
25.0,1:5:5,6,268,27,195
28.0,1:2:2,3,503,91,45
26.0,1:1:1,3,566,37,356
26.0,1:5:5,2,1086,57,466
24.0,1:2:2,4,626,57,269
28.0,1:1:1,4,295,69,91
28.0,1:2:2,3,503,49,256
28.0,1:10:10,5,283,44,158
25.0,1:5:5,4,596,44,333
26.0,1:1:1,7,103,54,47
28.0,1:2:2,5,226,61,88
25.0,1:2:2,7,144,81,27
25.0,1:10:10,2,1475,41,870
24.0,1:5:5,3,1051,66,357
28.0,1:5:5,7,103,55,46
25.0,1:2:2,5,355,49,181
25.0,1:5:5,6,268,82,48
25.0,1:2:2,5,355,32,241
25.0,1:10:10,3,989,53,464
26.0,1:5:5,5,327,58,137
28.0,1:1:1,8,80,45,44
25.0,1:10:10,2,1475,33,988
26.0,1:10:10,1,1800,68,575
28.0,1:2:2,1,1120,44,627
26.0,1:1:1,3,566,45,311
28.0,1:1:1,5,198,80,39
28.0,1:10:10,6,189,33,126
24.0,1:10:10,5,525,23,404
28.0,1:2:2,6,152,48,79
24.0,1:1:1,2,1220,26,902
24.0,1:1:1,4,548,27,400
26.0,1:2:2,6,195,39,118
26.0,1:5:5,7,132,55,59
28.0,1:10:10,5,283,65,99
28.0,1:5:5,7,103,82,18
25.0,1:1:1,1,1540,99,15
28.0,1:2:2,8,91,62,34
25.0,1:5:5,5,400,15,340
28.0,1:2:2,2,751,50,375
26.0,1:5:5,5,327,84,52
26.0,1:1:1,2,845,41,498
28.0,1:1:1,4,295,63,109
26.0,1:5:5,1,1620,25,1215
26.0,1:5:5,6,219,46,118
25.0,1:2:2,2,1180,55,531
26.0,1:10:10,1,1800,65,630
24.0,1:10:10,5,525,24,399
25.0,1:5:5,5,400,67,131
26.0,1:2:2,6,195,12,171
26.0,1:2:2,3,647,49,329
28.0,1:10:10,2,938,54,431
25.0,1:5:5,2,1327,46,716
28.0,1:2:2,6,152,35,98
24.0,1:5:5,4,705,57,303
24.0,1:5:5,5,472,55,212
25.0,1:2:2,5,355,76,85
26.0,1:2:2,8,118,68,37
26.0,1:2:2,5,291,47,154
26.0,1:10:10,2,1207,49,615
28.0,1:5:5,3,566,69,175
24.0,1:10:10,5,525,35,341
26.0,1:10:10,6,244,54,112
26.0,1:10:10,8,147,83,24
25.0,1:2:2,3,791,72,221
26.0,1:1:1,5,254,15,215
25.0,1:5:5,4,596,28,429
26.0,1:5:5,2,1086,50,543
26.0,1:5:5,4,488,70,146
26.0,1:1:1,1,1260,60,504
26.0,1:5:5,2,1086,79,228
25.0,1:2:2,4,530,74,137
24.0,1:2:2,2,1394,46,752
28.0,1:2:2,5,226,73,61
26.0,1:2:2,8,118,46,63
24.0,1:5:5,2,1569,60,627
24.0,1:1:1,2,1220,50,610
25.0,1:5:5,4,596,46,321
26.0,1:5:5,8,132,40,79
24.0,1:10:10,5,525,48,273
24.0,1:10:10,8,212,25,159
26.0,1:5:5,5,327,57,140
25.0,1:2:2,6,238,62,90
26.0,1:2:2,6,195,46,105
24.0,1:1:1,7,149,50,74
28.0,1:2:2,5,226,74,58
24.0,1:10:10,8,212,13,184
28.0,1:10:10,2,938,92,75
24.0,1:10:10,1,2600,66,883
26.0,1:2:2,2,965,66,328
28.0,1:10:10,5,283,78,62
25.0,1:1:1,6,208,47,110
24.0,1:10:10,6,352,51,172
28.0,1:10:10,6,189,24,143
26.0,1:10:10,5,363,56,159
25.0,1:1:1,3,692,64,249
28.0,1:5:5,5,254,49,129
24.0,1:2:2,7,170,17,141
25.0,1:2:2,2,1180,69,365
24.0,1:1:1,5,367,26,271
25.0,1:10:10,1,2200,53,1034
25.0,1:1:1,3,692,17,574
24.0,1:2:2,2,1394,58,585
25.0,1:2:2,7,144,61,56
28.0,1:5:5,8,103,80,20
28.0,1:10:10,1,1400,59,574
24.0,1:10:10,5,525,33,351
25.0,1:1:1,7,126,63,46
28.0,1:2:2,8,91,73,24
28.0,1:1:1,2,657,53,308
25.0,1:5:5,8,162,49,82
28.0,1:10:10,8,114,73,30
26.0,1:2:2,7,118,34,77
28.0,1:5:5,1,1260,80,251
25.0,1:5:5,4,596,40,357
26.0,1:1:1,3,566,16,475
24.0,1:2:2,1,2080,34,1372
24.0,1:10:10,7,212,49,108
28.0,1:10:10,4,422,34,278
25.0,1:1:1,4,464,51,227
28.0,1:10:10,3,629,32,427
28.0,1:2:2,6,152,76,36
28.0,1:2:2,3,503,23,387
24.0,1:1:1,8,149,12,131
24.0,1:10:10,5,525,-5,551
24.0,1:10:10,4,783,36,501
25.0,1:2:2,8,144,45,79
24.0,1:2:2,6,281,25,210
28.0,1:5:5,7,103,46,55
26.0,1:1:1,6,171,44,95
28.0,1:5:5,3,566,35,367
24.0,1:5:5,6,317,18,259
28.0,1:2:2,6,152,49,77
26.0,1:1:1,3,566,40,339
26.0,1:10:10,2,1207,43,687
26.0,1:1:1,3,566,55,254
28.0,1:10:10,5,283,66,96
26.0,1:2:2,7,118,52,56
25.0,1:2:2,8,144,34,95
25.0,1:5:5,1,1980,40,1188
25.0,1:1:1,6,208,95,10
24.0,1:1:1,5,367,31,253
25.0,1:10:10,2,1475,29,1047
24.0,1:5:5,5,472,32,320
24.0,1:10:10,7,212,3,205
28.0,1:5:5,6,171,76,41
28.0,1:2:2,8,91,63,33
24.0,1:1:1,6,246,36,157
24.0,1:10:10,4,783,25,587
24.0,1:10:10,4,783,52,375
24.0,1:5:5,5,472,65,165
24.0,1:2:2,8,170,43,96
25.0,1:10:10,5,444,84,71
26.0,1:2:2,1,1440,41,849
25.0,1:2:2,3,791,45,435
25.0,1:10:10,1,2200,60,880
26.0,1:5:5,7,132,55,59
24.0,1:2:2,5,420,48,218
26.0,1:10:10,7,147,31,101
25.0,1:10:10,2,1475,46,796
25.0,1:10:10,2,1475,11,1312
28.0,1:10:10,3,629,85,94
25.0,1:5:5,7,162,35,105
25.0,1:2:2,7,144,69,44
25.0,1:5:5,4,596,57,256
25.0,1:1:1,2,1032,61,402
26.0,1:5:5,2,1086,67,358
25.0,1:2:2,5,355,43,202
28.0,1:2:2,5,226,61,88
26.0,1:2:2,2,965,29,685
25.0,1:10:10,2,1475,40,885
24.0,1:5:5,1,2340,52,1123
26.0,1:1:1,3,566,32,384
26.0,1:10:10,8,147,56,64
28.0,1:2:2,3,503,62,191
25.0,1:5:5,8,162,62,61
28.0,1:1:1,1,980,44,548
26.0,1:1:1,3,566,26,418
28.0,1:1:1,2,657,51,321
28.0,1:1:1,5,198,96,7
26.0,1:1:1,4,380,79,79
24.0,1:5:5,7,191,42,110
24.0,1:2:2,2,1394,34,920
28.0,1:1:1,7,80,10,72
24.0,1:2:2,2,1394,47,738
24.0,1:2:2,6,281,71,81
28.0,1:2:2,1,1120,73,302
26.0,1:2:2,5,291,63,107
25.0,1:2:2,2,1180,39,719
26.0,1:10:10,3,809,65,283
28.0,1:5:5,8,103,65,36
25.0,1:1:1,5,311,23,239
26.0,1:5:5,1,1620,46,874
26.0,1:10:10,2,1207,43,687
26.0,1:2:2,7,118,48,61
28.0,1:10:10,1,1400,48,728
24.0,1:10:10,4,783,73,211
24.0,1:5:5,3,1051,36,672
24.0,1:5:5,4,705,3,683
26.0,1:1:1,2,845,50,422
24.0,1:1:1,8,149,21,117
28.0,1:10:10,3,629,63,232
25.0,1:2:2,5,355,50,177
26.0,1:10:10,6,244,45,134
24.0,1:10:10,8,212,52,101
28.0,1:5:5,2,845,54,388
24.0,1:5:5,2,1569,61,611
25.0,1:10:10,1,2200,65,770
25.0,1:5:5,5,400,55,179
24.0,1:1:1,5,367,38,227
26.0,1:10:10,4,542,51,265
28.0,1:10:10,5,283,84,45
25.0,1:10:10,3,989,72,276
28.0,1:5:5,4,380,64,136
26.0,1:2:2,5,291,20,232
24.0,1:1:1,3,818,45,449
25.0,1:10:10,7,180,24,136
24.0,1:5:5,6,317,44,177
28.0,1:5:5,3,566,59,232
26.0,1:1:1,2,845,52,405
25.0,1:1:1,4,464,38,287
24.0,1:1:1,5,367,57,157
28.0,1:2:2,1,1120,71,324
25.0,1:1:1,8,126,37,79
26.0,1:1:1,1,1260,28,907
26.0,1:1:1,5,254,59,104
24.0,1:5:5,3,1051,13,914
28.0,1:2:2,5,226,28,162
24.0,1:5:5,6,317,51,155
26.0,1:10:10,5,363,62,137
28.0,1:2:2,4,337,68,107
28.0,1:10:10,2,938,42,544
25.0,1:5:5,1,1980,29,1405
25.0,1:10:10,8,180,47,95
28.0,1:1:1,8,80,61,31
25.0,1:5:5,8,162,58,68
28.0,1:2:2,7,91,62,34
28.0,1:1:1,7,80,41,47
25.0,1:10:10,2,1475,26,1091
24.0,1:2:2,7,170,29,120
26.0,1:10:10,3,809,48,420
28.0,1:2:2,2,751,83,127
26.0,1:1:1,1,1260,46,680
24.0,1:1:1,1,1820,-5,1911
25.0,1:2:2,5,355,41,209
28.0,1:2:2,3,503,48,261
25.0,1:5:5,6,268,72,75
25.0,1:1:1,7,126,92,10
28.0,1:1:1,6,133,86,18
24.0,1:5:5,3,1051,44,588
25.0,1:10:10,1,2200,66,747
28.0,1:2:2,2,751,53,352
28.0,1:2:2,5,226,64,81
24.0,1:2:2,7,170,53,79
26.0,1:2:2,8,118,29,83
28.0,1:2:2,4,337,80,67
26.0,1:10:10,8,147,25,110
24.0,1:10:10,1,2600,4,2496
24.0,1:2:2,1,2080,39,1268
28.0,1:1:1,5,198,58,83
26.0,1:1:1,7,103,17,85
24.0,1:1:1,6,246,43,140
24.0,1:2:2,1,2080,55,935
25.0,1:2:2,6,238,59,97
26.0,1:10:10,3,809,40,485
26.0,1:1:1,2,845,52,405
28.0,1:10:10,2,938,25,703
28.0,1:10:10,5,283,91,25
26.0,1:10:10,4,542,61,211
25.0,1:2:2,2,1180,49,601
26.0,1:10:10,8,147,67,48
28.0,1:2:2,2,751,31,518
28.0,1:5:5,3,566,62,215
26.0,1:5:5,7,132,55,59
25.0,1:5:5,3,890,70,267
28.0,1:5:5,7,103,38,63
24.0,1:2:2,3,935,51,458
25.0,1:10:10,2,1475,80,294
25.0,1:2:2,6,238,76,57
26.0,1:5:5,2,1086,8,999
25.0,1:5:5,8,162,97,4
24.0,1:5:5,5,472,33,316
25.0,1:2:2,2,1180,54,542
26.0,1:1:1,3,566,60,226
26.0,1:1:1,7,103,30,72
25.0,1:10:10,4,663,29,470
25.0,1:5:5,7,162,62,61
26.0,1:10:10,6,244,66,82
28.0,1:2:2,7,91,59,37
24.0,1:1:1,4,548,38,339
24.0,1:5:5,3,1051,25,788
24.0,1:1:1,2,1220,32,829
24.0,1:10:10,1,2600,2,2548
26.0,1:5:5,2,1086,53,510
25.0,1:2:2,7,144,69,44
26.0,1:1:1,1,1260,30,882
25.0,1:10:10,6,298,49,151
24.0,1:10:10,6,352,25,264
26.0,1:2:2,8,118,45,64
24.0,1:10:10,8,212,41,125
25.0,1:5:5,4,596,69,184
24.0,1:2:2,4,626,0,626
28.0,1:10:10,8,114,56,50
25.0,1:2:2,5,355,28,255
28.0,1:1:1,1,980,76,235
24.0,1:2:2,6,281,90,28
25.0,1:1:1,5,311,66,105
25.0,1:5:5,7,162,75,40
26.0,1:10:10,7,147,42,85
25.0,1:1:1,2,1032,50,516
25.0,1:10:10,5,444,5,421
26.0,1:10:10,7,147,56,64
26.0,1:10:10,4,542,48,281
26.0,1:10:10,3,809,82,145
26.0,1:2:2,2,965,28,694
25.0,1:5:5,2,1327,0,1327
24.0,1:10:10,5,525,40,315
25.0,1:1:1,4,464,52,222
26.0,1:5:5,7,132,32,89
28.0,1:5:5,8,103,54,47
26.0,1:5:5,4,488,31,336
24.0,1:5:5,7,191,78,42
24.0,1:1:1,2,1220,-10,1342
26.0,1:10:10,2,1207,64,434
26.0,1:2:2,2,965,44,540
24.0,1:5:5,2,1569,64,564
28.0,1:5:5,8,103,56,45
24.0,1:2:2,4,626,61,244
26.0,1:10:10,5,363,56,159
26.0,1:10:10,3,809,46,436
25.0,1:10:10,8,180,37,113
24.0,1:1:1,6,246,22,191
24.0,1:10:10,7,212,41,125
26.0,1:2:2,7,118,28,84
25.0,1:5:5,6,268,70,80
28.0,1:2:2,6,152,60,60
25.0,1:2:2,8,144,46,77
25.0,1:1:1,3,692,71,200
24.0,1:5:5,6,317,46,171
28.0,1:2:2,8,91,37,57
24.0,1:1:1,5,367,14,315
24.0,1:2:2,5,420,44,235
26.0,1:1:1,5,254,38,157
24.0,1:10:10,1,2600,8,2392
24.0,1:1:1,1,1820,-1,1838
26.0,1:5:5,4,488,42,283
24.0,1:5:5,6,317,50,158
25.0,1:10:10,7,180,32,122
28.0,1:10:10,1,1400,56,615
28.0,1:2:2,4,337,65,117
26.0,1:1:1,4,380,64,136
26.0,1:2:2,3,647,59,265
26.0,1:2:2,5,291,59,119
26.0,1:10:10,1,1800,58,756
25.0,1:10:10,2,1475,39,899
28.0,1:1:1,1,980,55,440
26.0,1:10:10,1,1800,60,720
28.0,1:10:10,1,1400,103,-42
25.0,1:10:10,4,663,63,245
26.0,1:5:5,7,132,35,85
25.0,1:10:10,5,444,50,222
24.0,1:5:5,8,191,72,53
24.0,1:1:1,7,149,59,61
24.0,1:1:1,7,149,60,59
26.0,1:5:5,7,132,77,30
25.0,1:10:10,3,989,44,553
28.0,1:1:1,4,295,84,47
26.0,1:1:1,6,171,46,92
25.0,1:2:2,3,791,27,577
28.0,1:10:10,7,114,57,49
28.0,1:5:5,6,171,76,41
24.0,1:2:2,4,626,42,363
28.0,1:10:10,8,114,66,38
25.0,1:2:2,5,355,70,106
26.0,1:10:10,4,542,33,363
28.0,1:5:5,1,1260,52,604
28.0,1:10:10,8,114,45,62
24.0,1:5:5,2,1569,26,1161
28.0,1:5:5,4,380,76,91
26.0,1:2:2,6,195,32,132
24.0,1:2:2,8,170,43,96
28.0,1:1:1,8,80,33,53
26.0,1:5:5,2,1086,49,553
28.0,1:1:1,4,295,63,109
28.0,1:1:1,7,80,46,43
24.0,1:2:2,3,935,47,495
25.0,1:10:10,8,180,63,66
26.0,1:10:10,3,809,41,477
25.0,1:5:5,6,268,43,152
28.0,1:1:1,7,80,75,20
25.0,1:5:5,2,1327,18,1088
24.0,1:2:2,6,281,90,28
25.0,1:1:1,5,311,49,158
26.0,1:5:5,6,219,64,78
26.0,1:2:2,3,647,57,278
28.0,1:10:10,2,938,52,450
25.0,1:5:5,1,1980,69,613
28.0,1:5:5,7,103,54,47
25.0,1:5:5,1,1980,20,1584
25.0,1:5:5,2,1327,63,490
28.0,1:2:2,4,337,87,43
24.0,1:10:10,3,1168,11,1039
28.0,1:5:5,7,103,86,14
25.0,1:10:10,8,180,48,93
26.0,1:5:5,8,132,14,113
24.0,1:1:1,4,548,43,312
26.0,1:1:1,1,1260,42,730
28.0,1:1:1,5,198,55,89
26.0,1:5:5,2,1086,68,347
24.0,1:1:1,6,246,43,140
28.0,1:5:5,1,1260,60,504
28.0,1:5:5,7,103,69,31
24.0,1:5:5,3,1051,5,998
25.0,1:1:1,7,126,57,54
25.0,1:5:5,3,890,44,498
26.0,1:1:1,8,103,76,24
26.0,1:5:5,1,1620,64,583
26.0,1:2:2,7,118,39,71
24.0,1:10:10,7,212,85,31
24.0,1:1:1,1,1820,58,764
26.0,1:2:2,8,118,68,37
24.0,1:1:1,2,1220,31,841
25.0,1:1:1,2,1032,44,577
26.0,1:1:1,7,103,49,52
26.0,1:5:5,2,1086,72,304
26.0,1:10:10,2,1207,51,591
24.0,1:10:10,6,352,49,179
26.0,1:1:1,1,1260,71,365
25.0,1:2:2,2,1180,74,306
28.0,1:5:5,1,1260,56,554
24.0,1:10:10,3,1168,0,1168
25.0,1:1:1,6,208,58,87
25.0,1:1:1,4,464,14,399
24.0,1:2:2,5,420,73,113
25.0,1:5:5,6,268,79,56
24.0,1:10:10,4,783,38,485
25.0,1:1:1,7,126,51,61
24.0,1:2:2,7,170,1,168
28.0,1:10:10,1,1400,100,0
24.0,1:2:2,8,170,53,79
26.0,1:1:1,3,566,46,305
24.0,1:2:2,7,170,40,102
25.0,1:2:2,1,1760,71,510
26.0,1:1:1,1,1260,30,882
24.0,1:10:10,6,352,23,271
28.0,1:5:5,7,103,52,49
26.0,1:10:10,7,147,97,4
25.0,1:10:10,4,663,56,291
28.0,1:1:1,5,198,64,71
24.0,1:5:5,4,705,42,408
25.0,1:2:2,2,1180,20,944
26.0,1:10:10,6,244,53,114
26.0,1:5:5,3,728,54,334
25.0,1:1:1,5,311,53,146
25.0,1:2:2,1,1760,41,1038
28.0,1:1:1,5,198,33,132
28.0,1:10:10,6,189,53,88
24.0,1:2:2,6,281,54,129
25.0,1:10:10,2,1475,64,531
28.0,1:2:2,3,503,85,75
26.0,1:5:5,4,488,34,322
28.0,1:5:5,1,1260,58,529
26.0,1:5:5,5,327,34,215
24.0,1:2:2,4,626,18,513
26.0,1:5:5,6,219,64,78
26.0,1:10:10,7,147,15,124
28.0,1:2:2,6,152,59,62
26.0,1:1:1,2,845,23,650
25.0,1:10:10,1,2200,43,1254
28.0,1:2:2,8,91,72,25
26.0,1:2:2,6,195,100,0
25.0,1:1:1,3,692,9,629
26.0,1:2:2,5,291,66,98
28.0,1:1:1,7,80,50,40
28.0,1:2:2,4,337,55,151
25.0,1:1:1,6,208,67,68
28.0,1:1:1,3,440,33,294
28.0,1:10:10,7,114,98,2
24.0,1:10:10,6,352,65,123
25.0,1:2:2,8,144,61,56
26.0,1:5:5,3,728,42,422
26.0,1:1:1,5,254,1,251
25.0,1:10:10,5,444,64,159
26.0,1:5:5,4,488,61,190
28.0,1:5:5,2,845,71,245
25.0,1:10:10,8,180,86,25
24.0,1:10:10,5,525,37,330
25.0,1:2:2,2,1180,71,342
24.0,1:1:1,4,548,34,361
24.0,1:5:5,4,705,26,521
24.0,1:1:1,8,149,16,125
25.0,1:2:2,4,530,59,217
26.0,1:5:5,8,132,33,88
24.0,1:10:10,1,2600,67,857
28.0,1:1:1,5,198,67,65
24.0,1:2:2,6,281,36,179
26.0,1:1:1,2,845,49,430
28.0,1:10:10,4,422,84,67
24.0,1:2:2,5,420,59,172
26.0,1:10:10,2,1207,58,506
24.0,1:10:10,3,1168,28,840
24.0,1:5:5,5,472,51,231
24.0,1:10:10,7,212,46,114
26.0,1:5:5,1,1620,38,1004
28.0,1:1:1,7,80,66,27
26.0,1:10:10,7,147,35,95
24.0,1:5:5,4,705,38,437
25.0,1:1:1,7,126,50,63
25.0,1:2:2,4,530,59,217
28.0,1:1:1,7,80,41,47
24.0,1:10:10,4,783,19,634
25.0,1:10:10,6,298,74,77
25.0,1:2:2,5,355,58,149
24.0,1:5:5,2,1569,18,1286
24.0,1:5:5,5,472,45,259
24.0,1:5:5,4,705,26,521
26.0,1:1:1,2,845,19,684
28.0,1:2:2,8,91,20,72
25.0,1:2:2,4,530,78,116
24.0,1:1:1,1,1820,17,1510
28.0,1:5:5,7,103,77,23
28.0,1:1:1,3,440,97,13
28.0,1:5:5,5,254,83,43
26.0,1:10:10,7,147,55,66
25.0,1:1:1,6,208,75,52
25.0,1:5:5,1,1980,71,574
25.0,1:1:1,1,1540,61,600
28.0,1:10:10,6,189,62,71
25.0,1:5:5,4,596,63,220
25.0,1:2:2,3,791,65,276
25.0,1:2:2,6,238,66,80
25.0,1:10:10,2,1475,65,516
26.0,1:1:1,4,380,40,228
28.0,1:2:2,6,152,34,100
25.0,1:5:5,3,890,18,729
24.0,1:5:5,4,705,74,183
25.0,1:2:2,2,1180,82,212
25.0,1:2:2,1,1760,68,563
26.0,1:10:10,5,363,40,217
24.0,1:2:2,6,281,35,182
26.0,1:1:1,3,566,72,158
24.0,1:5:5,1,2340,40,1404
28.0,1:2:2,1,1120,40,672
28.0,1:5:5,8,103,34,67
24.0,1:5:5,7,191,27,139
25.0,1:2:2,1,1760,62,668
24.0,1:2:2,2,1394,22,1087
28.0,1:1:1,4,295,50,147
26.0,1:1:1,8,103,17,85
25.0,1:2:2,8,144,46,77
25.0,1:10:10,6,298,13,259
28.0,1:2:2,4,337,61,131
25.0,1:2:2,7,144,34,95
26.0,1:2:2,6,195,92,15
24.0,1:5:5,5,472,35,306
25.0,1:10:10,7,180,47,95
26.0,1:2:2,8,118,82,21
25.0,1:2:2,8,144,15,122
24.0,1:5:5,8,191,90,19
28.0,1:10:10,7,114,75,28
25.0,1:1:1,4,464,65,162
24.0,1:2:2,3,935,55,420
28.0,1:1:1,8,80,55,36
26.0,1:10:10,3,809,25,606
28.0,1:10:10,4,422,90,42
26.0,1:10:10,8,147,46,79
28.0,1:10:10,4,422,63,156
28.0,1:5:5,5,254,36,162
24.0,1:1:1,8,149,70,44
28.0,1:2:2,6,152,63,56
25.0,1:5:5,8,162,93,11
26.0,1:1:1,5,254,51,124
25.0,1:2:2,6,238,37,149
25.0,1:1:1,2,1032,69,319
28.0,1:10:10,7,114,106,-6
28.0,1:1:1,1,980,46,529
26.0,1:10:10,4,542,65,189
26.0,1:1:1,4,380,56,167
26.0,1:1:1,1,1260,66,428
26.0,1:2:2,3,647,9,588
25.0,1:5:5,4,596,51,292
26.0,1:2:2,7,118,84,18
25.0,1:1:1,5,311,35,202
25.0,1:5:5,7,162,87,21
24.0,1:2:2,4,626,60,250
26.0,1:1:1,7,103,19,83
28.0,1:1:1,3,440,34,290
25.0,1:2:2,4,530,32,360
24.0,1:2:2,1,2080,66,707
26.0,1:1:1,7,103,69,31
24.0,1:5:5,1,2340,32,1591
25.0,1:5:5,6,268,28,192
25.0,1:1:1,7,126,4,120
26.0,1:1:1,3,566,28,407
24.0,1:5:5,3,1051,72,294
24.0,1:10:10,5,525,60,210
26.0,1:10:10,6,244,40,146
28.0,1:1:1,3,440,90,43
26.0,1:1:1,8,103,65,36
24.0,1:1:1,4,548,55,246
25.0,1:5:5,3,890,33,596
24.0,1:1:1,8,149,25,111
28.0,1:2:2,4,337,56,148
24.0,1:10:10,4,783,55,352
24.0,1:10:10,3,1168,13,1016
28.0,1:2:2,2,751,51,367
24.0,1:1:1,3,818,52,392
28.0,1:1:1,6,133,80,26
25.0,1:1:1,1,1540,63,569
24.0,1:5:5,8,191,29,135
26.0,1:5:5,1,1620,67,534
25.0,1:2:2,2,1180,47,625
25.0,1:1:1,2,1032,69,319
25.0,1:1:1,8,126,89,13
26.0,1:5:5,7,132,31,91
26.0,1:10:10,2,1207,52,579
26.0,1:1:1,8,103,48,53
28.0,1:5:5,4,380,56,167
28.0,1:10:10,4,422,60,168
26.0,1:1:1,4,380,63,140
25.0,1:5:5,2,1327,100,0
24.0,1:5:5,4,705,72,197
24.0,1:1:1,7,149,37,93
28.0,1:2:2,7,91,78,20
26.0,1:2:2,7,118,40,70
24.0,1:2:2,8,170,37,107
24.0,1:2:2,2,1394,0,1394
28.0,1:1:1,7,80,42,46
26.0,1:2:2,3,647,63,239
26.0,1:1:1,4,380,36,243
26.0,1:1:1,7,103,70,30
25.0,1:1:1,4,464,55,208
28.0,1:10:10,6,189,52,90
28.0,1:5:5,2,845,62,321
25.0,1:1:1,1,1540,46,831
25.0,1:2:2,3,791,56,348
28.0,1:2:2,6,152,63,56
26.0,1:5:5,8,132,67,43
26.0,1:1:1,5,254,64,91
28.0,1:5:5,4,380,62,144
26.0,1:10:10,8,147,40,88
25.0,1:2:2,5,355,45,195
26.0,1:1:1,4,380,40,228
26.0,1:1:1,6,171,56,75
26.0,1:5:5,6,219,74,56
26.0,1:2:2,4,434,70,130
25.0,1:2:2,2,1180,32,802
28.0,1:1:1,7,80,100,0
24.0,1:10:10,3,1168,17,969
25.0,1:2:2,4,530,59,217
26.0,1:10:10,3,809,44,453
26.0,1:1:1,3,566,34,373
24.0,1:10:10,6,352,34,232
28.0,1:2:2,4,337,27,246
28.0,1:10:10,5,283,40,169
24.0,1:5:5,5,472,-10,519
26.0,1:5:5,2,1086,12,955
24.0,1:1:1,1,1820,46,982
26.0,1:1:1,2,845,46,456
25.0,1:1:1,5,311,52,149
28.0,1:1:1,5,198,62,75
26.0,1:5:5,8,132,68,42
26.0,1:2:2,7,118,31,81
25.0,1:2:2,6,238,45,130
24.0,1:5:5,7,191,49,97
26.0,1:5:5,7,132,62,50
25.0,1:1:1,7,126,47,66
28.0,1:1:1,8,80,67,26
26.0,1:5:5,5,327,59,134
24.0,1:1:1,4,548,40,328
26.0,1:2:2,5,291,44,162
26.0,1:10:10,5,363,52,174
24.0,1:2:2,8,170,62,64
25.0,1:5:5,8,162,62,61
28.0,1:10:10,1,1400,53,658
26.0,1:2:2,7,118,60,47
25.0,1:10:10,6,298,36,190
28.0,1:10:10,7,114,92,9
24.0,1:2:2,6,281,56,123
26.0,1:5:5,7,132,24,100
28.0,1:1:1,1,980,62,372
24.0,1:5:5,2,1569,43,894
26.0,1:2:2,1,1440,62,547
28.0,1:10:10,7,114,46,61
24.0,1:2:2,6,281,61,109
24.0,1:2:2,8,170,34,112
26.0,1:2:2,4,434,53,203
25.0,1:10:10,7,180,33,120
24.0,1:1:1,1,1820,77,418
26.0,1:1:1,6,171,51,83
24.0,1:2:2,1,2080,60,832
24.0,1:10:10,8,212,41,125
28.0,1:1:1,8,80,72,22
28.0,1:2:2,1,1120,63,414
25.0,1:2:2,3,791,38,490
24.0,1:5:5,4,705,45,387
24.0,1:10:10,1,2600,38,1612
28.0,1:2:2,4,337,89,37
28.0,1:10:10,2,938,37,590
26.0,1:5:5,1,1620,0,1620
24.0,1:2:2,2,1394,29,989
26.0,1:1:1,8,103,31,71
28.0,1:10:10,1,1400,65,489
25.0,1:10:10,1,2200,20,1760
26.0,1:2:2,3,647,83,109
26.0,1:2:2,2,965,26,714
28.0,1:2:2,7,91,74,23
28.0,1:10:10,1,1400,60,560
25.0,1:2:2,7,144,26,106
26.0,1:1:1,5,254,80,50
28.0,1:5:5,3,566,80,113
24.0,1:2:2,1,2080,20,1664
25.0,1:2:2,7,144,60,57
25.0,1:5:5,8,162,67,53
26.0,1:1:1,2,845,24,642
24.0,1:10:10,6,352,42,204
26.0,1:1:1,8,103,47,54
28.0,1:5:5,2,845,22,659
25.0,1:2:2,5,355,53,166
24.0,1:1:1,7,149,31,102
24.0,1:5:5,7,191,19,154
24.0,1:5:5,5,472,70,141
24.0,1:5:5,2,1569,40,941
25.0,1:2:2,3,791,61,308
26.0,1:1:1,6,171,43,97
28.0,1:5:5,8,103,87,13
24.0,1:5:5,8,191,81,36
26.0,1:1:1,3,566,68,181
28.0,1:5:5,6,171,30,119
25.0,1:2:2,5,355,58,149
26.0,1:2:2,8,118,100,0
26.0,1:1:1,1,1260,47,667
24.0,1:10:10,1,2600,23,2002
24.0,1:5:5,5,472,55,212
26.0,1:1:1,1,1260,58,529
28.0,1:10:10,2,938,39,572
28.0,1:2:2,4,337,101,-3
24.0,1:10:10,3,1168,65,408
28.0,1:5:5,2,845,110,-84
26.0,1:2:2,8,118,30,82
28.0,1:1:1,2,657,73,177
26.0,1:5:5,4,488,51,239
26.0,1:1:1,1,1260,74,327
24.0,1:10:10,5,525,42,304
24.0,1:2:2,2,1394,43,794
26.0,1:1:1,6,171,61,66
24.0,1:5:5,4,705,49,359
24.0,1:1:1,3,818,42,474
25.0,1:5:5,6,268,48,139
28.0,1:5:5,1,1260,54,579
26.0,1:1:1,4,380,39,231
24.0,1:2:2,3,935,30,654
28.0,1:10:10,1,1400,62,532
24.0,1:2:2,1,2080,46,1123
26.0,1:1:1,1,1260,56,554
24.0,1:1:1,6,246,73,66
28.0,1:2:2,8,91,74,23
25.0,1:1:1,7,126,50,63
26.0,1:5:5,5,327,48,170
28.0,1:1:1,1,980,63,362
28.0,1:5:5,5,254,64,91
28.0,1:5:5,8,103,68,32
26.0,1:2:2,4,434,65,151
25.0,1:10:10,8,180,51,88
24.0,1:10:10,5,525,90,52
28.0,1:5:5,4,380,69,117
24.0,1:1:1,6,246,40,147
25.0,1:2:2,2,1180,27,861
28.0,1:2:2,1,1120,76,268
24.0,1:10:10,4,783,39,477
28.0,1:5:5,2,845,29,599
26.0,1:2:2,6,195,62,74
24.0,1:2:2,1,2080,0,2080
26.0,1:10:10,3,809,68,258
28.0,1:10:10,2,938,85,140
25.0,1:1:1,3,692,30,484
24.0,1:1:1,2,1220,58,512
26.0,1:10:10,7,147,72,41
25.0,1:5:5,1,1980,42,1148
28.0,1:10:10,8,114,67,37
24.0,1:1:1,1,1820,47,964
25.0,1:5:5,6,268,80,53
24.0,1:2:2,1,2080,29,1476
28.0,1:1:1,6,133,62,50
26.0,1:5:5,2,1086,62,412
25.0,1:10:10,4,663,51,324
24.0,1:1:1,1,1820,63,673
24.0,1:5:5,5,472,48,245
28.0,1:10:10,6,189,30,132
26.0,1:1:1,8,103,23,79
24.0,1:10:10,3,1168,20,934
28.0,1:10:10,8,114,78,25
25.0,1:5:5,4,596,31,411
28.0,1:10:10,6,189,39,115
28.0,1:2:2,4,337,81,64
26.0,1:10:10,5,363,96,14
24.0,1:10:10,3,1168,35,759
24.0,1:2:2,1,2080,63,769
28.0,1:1:1,5,198,80,39
28.0,1:10:10,2,938,67,309
28.0,1:2:2,1,1120,83,190
26.0,1:1:1,3,566,52,271
28.0,1:5:5,2,845,62,321
24.0,1:2:2,5,420,21,331
25.0,1:1:1,7,126,39,76
24.0,1:5:5,2,1569,44,878
26.0,1:10:10,7,147,54,67
25.0,1:1:1,7,126,18,103
28.0,1:1:1,8,80,75,20
25.0,1:2:2,3,791,52,379
28.0,1:1:1,5,198,52,95
28.0,1:5:5,1,1260,71,365
28.0,1:1:1,3,440,39,268
26.0,1:1:1,1,1260,29,894
24.0,1:1:1,2,1220,69,378
25.0,1:1:1,7,126,39,76
28.0,1:2:2,6,152,61,59
26.0,1:1:1,6,171,68,54
24.0,1:10:10,1,2600,42,1508
25.0,1:5:5,8,162,63,59
24.0,1:5:5,6,317,24,240
28.0,1:1:1,1,980,81,186
25.0,1:1:1,3,692,64,249
25.0,1:5:5,5,400,60,160
28.0,1:10:10,5,283,70,84
24.0,1:5:5,5,472,43,269
26.0,1:10:10,7,147,46,79
24.0,1:1:1,1,1820,62,691
26.0,1:10:10,5,363,25,272
25.0,1:2:2,8,144,79,30
28.0,1:1:1,7,80,50,40
25.0,1:10:10,3,989,50,494
25.0,1:5:5,1,1980,56,871
24.0,1:1:1,5,367,45,201
26.0,1:5:5,4,488,47,258
26.0,1:5:5,8,132,49,67
25.0,1:5:5,3,890,84,142
24.0,1:10:10,6,352,50,176
28.0,1:1:1,7,80,93,5
26.0,1:5:5,4,488,29,346
26.0,1:5:5,5,327,54,150
25.0,1:10:10,4,663,68,212
24.0,1:1:1,6,246,19,199
26.0,1:5:5,6,219,69,67
26.0,1:5:5,6,219,62,83
28.0,1:2:2,3,503,46,271
25.0,1:2:2,2,1180,12,1038
28.0,1:5:5,5,254,68,81
25.0,1:1:1,5,311,33,208
24.0,1:5:5,2,1569,15,1333
28.0,1:2:2,8,91,53,42
24.0,1:2:2,8,170,37,107
24.0,1:5:5,3,1051,27,767
26.0,1:10:10,8,147,18,120
26.0,1:2:2,5,291,27,212
24.0,1:2:2,3,935,51,458
28.0,1:10:10,4,422,92,33
24.0,1:10:10,2,1743,21,1376
28.0,1:10:10,5,283,18,232
25.0,1:2:2,1,1760,46,950
28.0,1:1:1,7,80,38,49
28.0,1:2:2,1,1120,97,33
24.0,1:1:1,2,1220,54,561
25.0,1:2:2,4,530,63,196
24.0,1:1:1,7,149,42,86
24.0,1:2:2,8,170,50,85
24.0,1:5:5,7,191,48,99
25.0,1:2:2,5,355,41,209
24.0,1:2:2,3,935,55,420
26.0,1:2:2,3,647,76,155
24.0,1:1:1,2,1220,54,561
25.0,1:2:2,8,144,68,46
26.0,1:10:10,7,147,22,114
25.0,1:5:5,3,890,50,445
24.0,1:1:1,3,818,63,302
26.0,1:1:1,4,380,52,182
26.0,1:10:10,1,1800,60,720
26.0,1:10:10,6,244,58,102
26.0,1:2:2,1,1440,66,489
28.0,1:5:5,8,103,99,1
26.0,1:10:10,5,363,39,221
24.0,1:5:5,4,705,40,423
26.0,1:5:5,2,1086,16,912
24.0,1:5:5,1,2340,32,1591
24.0,1:10:10,7,212,87,27
24.0,1:5:5,4,705,69,218
26.0,1:5:5,7,132,74,34
28.0,1:2:2,1,1120,95,56
25.0,1:1:1,3,692,56,304
25.0,1:10:10,3,989,44,553
28.0,1:1:1,8,80,33,53
28.0,1:10:10,2,938,101,-9
26.0,1:1:1,6,171,57,73
25.0,1:10:10,1,2200,0,2200
26.0,1:2:2,5,291,33,194
26.0,1:5:5,2,1086,67,358
28.0,1:5:5,6,171,69,53
28.0,1:2:2,7,91,34,60
28.0,1:10:10,3,629,74,163
26.0,1:1:1,2,845,11,752
28.0,1:1:1,3,440,89,48
26.0,1:5:5,2,1086,12,955
28.0,1:10:10,4,422,88,50
25.0,1:2:2,2,1180,77,271
26.0,1:1:1,8,103,59,42
26.0,1:1:1,2,845,20,676
24.0,1:10:10,6,352,33,235
25.0,1:2:2,3,791,50,395
26.0,1:5:5,5,327,31,225
25.0,1:5:5,8,162,61,63
24.0,1:10:10,6,352,37,221
28.0,1:1:1,1,980,52,470
24.0,1:2:2,3,935,36,598
28.0,1:5:5,5,254,59,104
24.0,1:10:10,3,1168,44,654
25.0,1:1:1,3,692,64,249
26.0,1:10:10,1,1800,65,630
26.0,1:1:1,8,103,67,33
28.0,1:5:5,8,103,48,53
26.0,1:10:10,6,244,40,146
26.0,1:1:1,1,1260,82,226
28.0,1:1:1,5,198,33,132
24.0,1:10:10,6,352,-10,387
24.0,1:5:5,4,705,17,585
26.0,1:1:1,2,845,27,616
26.0,1:1:1,7,103,31,71
28.0,1:10:10,7,114,83,19
25.0,1:1:1,7,126,43,71
24.0,1:2:2,7,170,23,130
28.0,1:10:10,7,114,99,1
24.0,1:1:1,1,1820,56,800
24.0,1:10:10,4,783,52,375
25.0,1:10:10,3,989,72,276
26.0,1:2:2,7,118,70,35
25.0,1:5:5,8,162,63,59
25.0,1:5:5,4,596,59,244
28.0,1:10:10,7,114,89,12
28.0,1:10:10,5,283,77,65
26.0,1:2:2,5,291,82,52
26.0,1:2:2,3,647,28,465
24.0,1:2:2,5,420,4,403
26.0,1:2:2,7,118,77,27
26.0,1:10:10,8,147,62,55
28.0,1:10:10,2,938,78,206
24.0,1:2:2,8,170,30,118
24.0,1:5:5,1,2340,51,1146
26.0,1:2:2,2,965,55,434
24.0,1:2:2,2,1394,12,1226
26.0,1:1:1,2,845,64,304
28.0,1:1:1,6,133,39,81
24.0,1:2:2,8,170,13,147
24.0,1:5:5,8,191,45,105
25.0,1:1:1,6,208,37,131
28.0,1:1:1,5,198,70,59
28.0,1:5:5,8,103,10,92
25.0,1:2:2,7,144,68,46
25.0,1:2:2,7,144,30,100
26.0,1:10:10,4,542,26,401
26.0,1:2:2,2,965,95,48
24.0,1:10:10,5,525,52,252
26.0,1:10:10,4,542,60,216
25.0,1:5:5,2,1327,56,583
24.0,1:2:2,3,935,45,514
25.0,1:10:10,7,180,52,86
26.0,1:1:1,1,1260,77,289
28.0,1:2:2,2,751,75,187
26.0,1:5:5,1,1620,62,615
28.0,1:10:10,3,629,40,377
24.0,1:10:10,7,212,36,135
28.0,1:5:5,5,254,47,134
28.0,1:10:10,5,283,84,45
24.0,1:2:2,4,626,0,626
24.0,1:1:1,8,149,14,128
24.0,1:2:2,3,935,53,439
28.0,1:2:2,7,91,48,47
25.0,1:5:5,2,1327,43,756
26.0,1:5:5,1,1620,53,761
25.0,1:2:2,2,1180,54,542
25.0,1:1:1,1,1540,84,246
26.0,1:5:5,1,1620,64,583
24.0,1:10:10,4,783,56,344
28.0,1:5:5,1,1260,82,226
28.0,1:10:10,6,189,54,86
25.0,1:1:1,8,126,56,55
25.0,1:5:5,8,162,19,131
24.0,1:5:5,4,705,69,218
26.0,1:1:1,4,380,39,231
26.0,1:2:2,2,965,38,598
26.0,1:10:10,4,542,77,124
26.0,1:2:2,3,647,23,498
25.0,1:1:1,2,1032,43,588
25.0,1:2:2,8,144,8,132
25.0,1:5:5,1,1980,45,1089
28.0,1:5:5,8,103,86,14
26.0,1:1:1,5,254,58,106
26.0,1:5:5,1,1620,49,826
25.0,1:1:1,3,692,47,366
25.0,1:1:1,5,311,50,155
28.0,1:2:2,6,152,49,77
24.0,1:2:2,5,420,31,289
26.0,1:10:10,5,363,56,159
24.0,1:1:1,6,246,59,100
24.0,1:2:2,5,420,35,273
26.0,1:2:2,6,195,85,29
25.0,1:5:5,3,890,58,373
28.0,1:5:5,7,103,33,69
25.0,1:1:1,4,464,36,296
28.0,1:5:5,8,103,66,35
26.0,1:2:2,2,965,37,607
28.0,1:2:2,3,503,74,130
26.0,1:2:2,1,1440,86,201
26.0,1:1:1,1,1260,80,251
25.0,1:10:10,3,989,74,257
26.0,1:5:5,4,488,42,283
28.0,1:1:1,7,80,54,36
26.0,1:10:10,1,1800,21,1422
24.0,1:2:2,4,626,42,363
25.0,1:5:5,4,596,58,250
25.0,1:2:2,2,1180,34,778
24.0,1:2:2,8,170,49,86
28.0,1:10:10,8,114,89,12
26.0,1:10:10,6,244,45,134
25.0,1:2:2,1,1760,31,1214
28.0,1:1:1,7,80,81,15
28.0,1:10:10,7,114,58,47
28.0,1:10:10,5,283,65,99
28.0,1:10:10,2,938,69,290
28.0,1:5:5,2,845,50,422
26.0,1:1:1,2,845,36,540
26.0,1:1:1,2,845,55,380
24.0,1:1:1,8,149,0,149
25.0,1:10:10,8,180,57,77
25.0,1:10:10,6,298,45,163
25.0,1:5:5,1,1980,73,534
25.0,1:1:1,6,208,24,158
25.0,1:5:5,5,400,77,92
26.0,1:5:5,3,728,26,538
28.0,1:5:5,4,380,72,106
25.0,1:10:10,4,663,67,218
24.0,1:10:10,2,1743,32,1185
24.0,1:10:10,6,352,23,271
26.0,1:5:5,2,1086,67,358
28.0,1:10:10,5,283,26,209
28.0,1:1:1,7,80,37,50
24.0,1:1:1,4,548,39,334
28.0,1:2:2,3,503,36,321
28.0,1:1:1,7,80,68,25
28.0,1:5:5,7,103,70,30
24.0,1:10:10,5,525,51,257
25.0,1:2:2,5,355,47,188
28.0,1:2:2,4,337,78,74
28.0,1:10:10,5,283,85,42
25.0,1:5:5,5,400,51,196
28.0,1:2:2,2,751,98,15
25.0,1:5:5,5,400,0,400
28.0,1:1:1,4,295,74,76
26.0,1:2:2,3,647,63,239
25.0,1:2:2,5,355,46,191
24.0,1:5:5,2,1569,53,737
28.0,1:5:5,3,566,71,164
24.0,1:2:2,5,420,-1,424
26.0,1:1:1,8,103,60,41
28.0,1:5:5,7,103,95,5
25.0,1:2:2,6,238,29,168
25.0,1:2:2,5,355,46,191
26.0,1:10:10,8,147,40,88
24.0,1:1:1,2,1220,20,976
26.0,1:10:10,4,542,60,216
28.0,1:1:1,2,657,58,275
28.0,1:1:1,4,295,50,147
24.0,1:1:1,5,367,60,146
25.0,1:5:5,1,1980,79,415
28.0,1:2:2,1,1120,78,246
28.0,1:1:1,6,133,45,73
24.0,1:10:10,7,212,38,131
25.0,1:1:1,7,126,11,112
25.0,1:2:2,3,791,97,23
26.0,1:10:10,3,809,40,485
24.0,1:1:1,8,149,20,119
26.0,1:5:5,4,488,54,224
25.0,1:10:10,4,663,74,172
28.0,1:1:1,1,980,71,284
24.0,1:2:2,8,170,39,103
26.0,1:5:5,4,488,12,429
24.0,1:10:10,8,212,60,84
26.0,1:1:1,5,254,67,83
24.0,1:2:2,6,281,30,196
26.0,1:1:1,4,380,45,209
25.0,1:5:5,4,596,72,166
25.0,1:5:5,1,1980,64,712
25.0,1:10:10,7,180,65,62
28.0,1:10:10,8,114,70,34
28.0,1:1:1,4,295,46,159
25.0,1:10:10,8,180,46,97
25.0,1:10:10,8,180,66,61
26.0,1:5:5,5,327,0,327
24.0,1:5:5,4,705,38,437
28.0,1:5:5,3,566,49,288
26.0,1:1:1,5,254,54,116
24.0,1:10:10,1,2600,51,1274
24.0,1:2:2,6,281,9,255
28.0,1:10:10,6,189,43,107
26.0,1:10:10,1,1800,31,1242
26.0,1:5:5,7,132,33,88
28.0,1:1:1,8,80,72,22
28.0,1:1:1,7,80,81,15
25.0,1:5:5,6,268,65,93
26.0,1:1:1,6,171,43,97
26.0,1:10:10,3,809,37,509
25.0,1:5:5,1,1980,68,633
25.0,1:1:1,2,1032,73,278
24.0,1:5:5,7,191,35,124
28.0,1:1:1,8,80,10,72
26.0,1:10:10,5,363,51,177
24.0,1:1:1,6,246,41,145
26.0,1:1:1,4,380,33,254
24.0,1:5:5,1,2340,3,2269
24.0,1:5:5,4,705,82,126
28.0,1:2:2,6,152,81,28
24.0,1:5:5,3,1051,33,704
28.0,1:2:2,8,91,64,32
24.0,1:1:1,5,367,37,231
26.0,1:2:2,7,118,70,35
24.0,1:10:10,8,212,29,150
26.0,1:10:10,7,147,0,147
24.0,1:1:1,3,818,69,253
24.0,1:2:2,7,170,38,105
25.0,1:2:2,8,144,55,64
24.0,1:5:5,5,472,77,108
28.0,1:1:1,7,80,55,36
26.0,1:1:1,5,254,33,170
24.0,1:2:2,7,170,28,122
24.0,1:10:10,2,1743,23,1342
28.0,1:1:1,8,80,55,36
28.0,1:5:5,8,103,63,38
26.0,1:10:10,6,244,60,97
26.0,1:10:10,5,363,60,145
28.0,1:10:10,7,114,57,49
24.0,1:1:1,7,149,47,78
25.0,1:2:2,4,530,10,477
28.0,1:5:5,7,103,77,23
24.0,1:1:1,5,367,49,187
24.0,1:10:10,4,783,38,485
26.0,1:5:5,7,132,49,67
24.0,1:5:5,7,191,23,147
24.0,1:10:10,8,212,14,182
26.0,1:2:2,6,195,45,107
26.0,1:2:2,5,291,32,197
28.0,1:1:1,1,980,36,627
28.0,1:10:10,2,938,50,469
28.0,1:10:10,7,114,42,66
24.0,1:1:1,7,149,47,78
24.0,1:1:1,7,149,30,104
26.0,1:5:5,3,728,58,305
28.0,1:5:5,5,254,46,137
26.0,1:1:1,3,566,25,424
26.0,1:2:2,5,291,15,247
26.0,1:2:2,7,118,51,57
24.0,1:10:10,6,352,41,207
26.0,1:5:5,1,1620,25,1215
24.0,1:5:5,7,191,39,116
24.0,1:1:1,1,1820,57,782
25.0,1:10:10,6,298,53,140
28.0,1:2:2,3,503,104,-20
24.0,1:1:1,4,548,43,312
26.0,1:10:10,1,1800,58,756
24.0,1:10:10,2,1743,49,888
26.0,1:10:10,3,809,18,663
24.0,1:1:1,6,246,35,159
28.0,1:1:1,6,133,64,47
26.0,1:2:2,3,647,76,155
26.0,1:5:5,7,132,24,100
28.0,1:1:1,4,295,29,209
24.0,1:1:1,1,1820,1,1801
28.0,1:5:5,1,1260,59,516
28.0,1:2:2,4,337,84,53
25.0,1:10:10,4,663,63,245
25.0,1:2:2,2,1180,30,826
28.0,1:5:5,2,845,10,760
28.0,1:2:2,5,226,69,70
26.0,1:5:5,5,327,49,166
28.0,1:5:5,8,103,69,31
25.0,1:2:2,3,791,29,561
28.0,1:2:2,2,751,110,-75
26.0,1:5:5,7,132,66,44
28.0,1:5:5,2,845,38,523
26.0,1:1:1,7,103,55,46
28.0,1:1:1,5,198,92,15
26.0,1:10:10,6,244,31,168
25.0,1:5:5,5,400,60,160
25.0,1:10:10,1,2200,98,44
28.0,1:2:2,3,503,48,261
28.0,1:10:10,4,422,56,185
26.0,1:1:1,4,380,74,98
25.0,1:1:1,1,1540,20,1232
25.0,1:10:10,5,444,28,319
24.0,1:2:2,4,626,53,294
28.0,1:2:2,2,751,70,225
26.0,1:10:10,7,147,64,52
24.0,1:10:10,5,525,48,273
28.0,1:1:1,8,80,54,36
24.0,1:2:2,7,170,42,98
28.0,1:10:10,3,629,61,245
24.0,1:1:1,4,548,52,263
26.0,1:1:1,3,566,27,413
28.0,1:2:2,8,91,68,29
24.0,1:5:5,6,317,40,190
28.0,1:2:2,1,1120,56,492
26.0,1:10:10,3,809,30,566
26.0,1:2:2,6,195,65,68
28.0,1:10:10,1,1400,42,812
28.0,1:10:10,3,629,75,157
26.0,1:2:2,4,434,49,221
24.0,1:10:10,6,352,51,172
25.0,1:2:2,3,791,59,324
28.0,1:2:2,8,91,49,46
26.0,1:5:5,6,219,81,41
24.0,1:2:2,4,626,23,482
26.0,1:2:2,5,291,33,194
24.0,1:1:1,5,367,45,201
26.0,1:1:1,7,103,16,86
26.0,1:5:5,6,219,50,109
25.0,1:1:1,8,126,39,76
25.0,1:1:1,1,1540,68,492
26.0,1:2:2,6,195,34,128
28.0,1:10:10,2,938,55,422
26.0,1:10:10,7,147,25,110
24.0,1:2:2,3,935,38,579
25.0,1:1:1,8,126,48,65
24.0,1:10:10,6,352,10,316
28.0,1:10:10,8,114,85,17
25.0,1:10:10,7,180,25,135
24.0,1:5:5,4,705,38,437
28.0,1:2:2,4,337,63,124
28.0,1:10:10,4,422,37,265
25.0,1:2:2,5,355,25,266
28.0,1:1:1,7,80,61,31
28.0,1:5:5,3,566,62,215
24.0,1:10:10,4,783,31,540
24.0,1:5:5,4,705,31,486
26.0,1:1:1,8,103,11,91
25.0,1:2:2,8,144,45,79
28.0,1:1:1,5,198,38,122
25.0,1:10:10,1,2200,36,1408
28.0,1:5:5,6,171,62,64
25.0,1:2:2,7,144,25,108
24.0,1:1:1,8,149,61,58
25.0,1:1:1,1,1540,23,1185
28.0,1:2:2,5,226,40,135
24.0,1:2:2,8,170,36,108
25.0,1:2:2,6,238,45,130
24.0,1:10:10,5,525,40,315
24.0,1:5:5,1,2340,25,1755
24.0,1:10:10,4,783,42,454
24.0,1:5:5,7,191,39,116
28.0,1:2:2,1,1120,28,806
25.0,1:10:10,6,298,44,166
25.0,1:10:10,6,298,65,104
28.0,1:5:5,4,380,70,114
24.0,1:1:1,7,149,67,49
28.0,1:5:5,2,845,77,194
24.0,1:5:5,3,1051,16,882
26.0,1:2:2,7,118,54,54
26.0,1:5:5,5,327,8,300
28.0,1:2:2,6,152,73,41
28.0,1:1:1,7,80,35,52
25.0,1:2:2,3,791,42,458
26.0,1:10:10,8,147,65,51
26.0,1:1:1,8,103,17,85
25.0,1:1:1,7,126,9,114
25.0,1:1:1,6,208,56,91
26.0,1:10:10,4,542,60,216
25.0,1:2:2,5,355,6,333
28.0,1:10:10,1,1400,55,629
26.0,1:10:10,8,147,27,107
25.0,1:2:2,2,1180,79,247
28.0,1:10:10,1,1400,73,378
26.0,1:5:5,5,327,50,163
26.0,1:1:1,2,845,93,59
26.0,1:2:2,6,195,41,115
26.0,1:10:10,5,363,69,112
28.0,1:5:5,2,845,56,371
25.0,1:2:2,4,530,45,291
28.0,1:10:10,5,283,39,172
28.0,1:5:5,4,380,88,45
28.0,1:1:1,3,440,79,92
24.0,1:5:5,3,1051,28,756
25.0,1:1:1,7,126,50,63
24.0,1:10:10,6,352,45,193
24.0,1:5:5,8,191,55,85
24.0,1:10:10,2,1743,54,801
25.0,1:2:2,5,355,37,223
25.0,1:10:10,7,180,27,131
26.0,1:5:5,1,1620,57,696
24.0,1:1:1,1,1820,42,1055
24.0,1:1:1,7,149,33,99
26.0,1:1:1,4,380,24,288
24.0,1:5:5,1,2340,10,2106
24.0,1:1:1,4,548,26,405
28.0,1:10:10,6,189,39,115
24.0,1:5:5,1,2340,69,725
24.0,1:10:10,8,212,84,33
28.0,1:10:10,7,114,42,66
25.0,1:5:5,4,596,52,286
26.0,1:1:1,5,254,89,27
26.0,1:10:10,5,363,91,32
26.0,1:10:10,5,363,69,112
24.0,1:1:1,1,1820,60,728
28.0,1:1:1,2,657,19,532
26.0,1:10:10,5,363,66,123
25.0,1:1:1,8,126,58,52
24.0,1:1:1,4,548,80,109
24.0,1:1:1,6,246,29,174
26.0,1:2:2,3,647,78,142
26.0,1:5:5,2,1086,83,184
26.0,1:5:5,3,728,51,356
26.0,1:2:2,3,647,29,459
24.0,1:2:2,4,626,30,438
28.0,1:1:1,7,80,83,13
25.0,1:10:10,2,1475,57,634
24.0,1:10:10,2,1743,8,1603
24.0,1:2:2,8,170,74,44
28.0,1:2:2,1,1120,73,302
28.0,1:2:2,8,91,23,70
28.0,1:10:10,1,1400,25,1050
26.0,1:2:2,2,965,0,965
25.0,1:2:2,8,144,64,51
25.0,1:10:10,7,180,60,72
26.0,1:2:2,6,195,46,105
26.0,1:5:5,7,132,67,43
28.0,1:5:5,6,171,77,39
25.0,1:2:2,5,355,46,191
26.0,1:2:2,1,1440,62,547
26.0,1:1:1,5,254,56,111
28.0,1:5:5,2,845,45,464
28.0,1:10:10,7,114,80,22
24.0,1:2:2,3,935,57,402
24.0,1:5:5,2,1569,55,706
25.0,1:1:1,4,464,78,102
28.0,1:5:5,5,254,52,121
24.0,1:2:2,2,1394,38,864
28.0,1:10:10,7,114,57,49
24.0,1:5:5,8,191,19,154
26.0,1:2:2,4,434,52,208
26.0,1:5:5,7,132,81,25
25.0,1:5:5,6,268,61,104
24.0,1:1:1,6,246,36,157
24.0,1:1:1,5,367,58,154
28.0,1:5:5,7,103,39,62
26.0,1:10:10,1,1800,70,540
28.0,1:5:5,3,566,100,0
28.0,1:5:5,4,380,48,197
25.0,1:1:1,7,126,20,100
24.0,1:10:10,1,2600,46,1404
28.0,1:5:5,2,845,71,245
28.0,1:5:5,4,380,64,136
28.0,1:5:5,6,171,27,124
28.0,1:2:2,6,152,86,21
26.0,1:2:2,8,118,57,50
24.0,1:5:5,2,1569,41,925
25.0,1:1:1,2,1032,64,371
25.0,1:1:1,8,126,27,91
25.0,1:1:1,5,311,87,40
24.0,1:2:2,2,1394,27,1017
25.0,1:2:2,4,530,60,212
24.0,1:10:10,5,525,61,204
26.0,1:1:1,1,1260,23,970
24.0,1:10:10,5,525,20,420
25.0,1:5:5,6,268,52,128
28.0,1:1:1,4,295,24,224
26.0,1:5:5,8,132,49,67
24.0,1:1:1,5,367,31,253
28.0,1:10:10,6,189,27,137
26.0,1:1:1,5,254,70,76
26.0,1:5:5,8,132,94,7
28.0,1:1:1,8,80,52,38
28.0,1:2:2,1,1120,51,548
25.0,1:10:10,3,989,35,642
24.0,1:1:1,8,149,18,122
26.0,1:10:10,4,542,73,146
24.0,1:2:2,6,281,43,160
26.0,1:10:10,4,542,26,401
25.0,1:1:1,2,1032,52,495
26.0,1:5:5,7,132,0,132
25.0,1:2:2,3,791,56,348
25.0,1:2:2,3,791,23,609
25.0,1:1:1,1,1540,37,970
24.0,1:10:10,3,1168,65,408
25.0,1:10:10,3,989,84,158
26.0,1:2:2,8,118,61,46
25.0,1:5:5,4,596,74,154
24.0,1:1:1,8,149,36,95
26.0,1:10:10,3,809,75,202
25.0,1:10:10,4,663,39,404
26.0,1:5:5,4,488,43,278
28.0,1:5:5,8,103,67,33
28.0,1:10:10,3,629,39,383
24.0,1:10:10,8,212,17,175
25.0,1:2:2,7,144,50,72
28.0,1:1:1,6,133,65,46
26.0,1:10:10,4,542,15,460
28.0,1:5:5,7,103,54,47
25.0,1:5:5,2,1327,57,570
28.0,1:2:2,3,503,76,120
26.0,1:5:5,2,1086,35,705
26.0,1:10:10,8,147,64,52
28.0,1:1:1,5,198,73,53
28.0,1:2:2,6,152,73,41
26.0,1:5:5,8,132,28,95
26.0,1:2:2,5,291,23,224
28.0,1:2:2,8,91,77,20
24.0,1:10:10,6,352,48,183
28.0,1:2:2,1,1120,68,358
28.0,1:1:1,6,133,46,71
26.0,1:10:10,2,1207,96,48
24.0,1:1:1,6,246,89,27
28.0,1:5:5,6,171,38,106
24.0,1:1:1,5,367,40,220
28.0,1:10:10,1,1400,52,672
28.0,1:1:1,7,80,43,45
28.0,1:1:1,6,133,35,86
28.0,1:10:10,2,938,80,187
26.0,1:5:5,4,488,49,248
28.0,1:1:1,6,133,69,41
25.0,1:10:10,8,180,85,27
24.0,1:5:5,8,191,14,164
26.0,1:2:2,8,118,35,76
25.0,1:1:1,2,1032,34,681
28.0,1:2:2,3,503,58,211
26.0,1:2:2,6,195,44,109
26.0,1:10:10,1,1800,63,666
26.0,1:5:5,5,327,43,186
24.0,1:10:10,4,783,20,626
24.0,1:2:2,2,1394,19,1129
28.0,1:1:1,3,440,86,61
24.0,1:1:1,8,149,12,131
26.0,1:10:10,8,147,36,94
24.0,1:1:1,5,367,9,333
26.0,1:2:2,8,118,16,99
26.0,1:5:5,1,1620,70,486
24.0,1:10:10,3,1168,19,946
28.0,1:2:2,8,91,44,50
26.0,1:5:5,1,1620,62,615
25.0,1:1:1,8,126,60,50
24.0,1:10:10,2,1743,50,871
28.0,1:10:10,8,114,79,23
28.0,1:1:1,4,295,66,100
28.0,1:5:5,2,845,98,16
26.0,1:2:2,5,291,66,98
28.0,1:5:5,1,1260,75,315
26.0,1:10:10,7,147,79,30
28.0,1:10:10,3,629,35,408
24.0,1:1:1,6,246,65,86
24.0,1:5:5,7,191,44,106
26.0,1:1:1,6,171,34,112
26.0,1:2:2,1,1440,51,705
26.0,1:2:2,3,647,28,465
26.0,1:5:5,4,488,44,273
26.0,1:2:2,4,434,47,230
24.0,1:2:2,1,2080,52,998
24.0,1:5:5,2,1569,33,1051
28.0,1:2:2,6,152,70,45
28.0,1:1:1,5,198,34,130
25.0,1:1:1,5,311,36,199
24.0,1:2:2,4,626,41,369
26.0,1:5:5,1,1620,60,648
28.0,1:10:10,4,422,28,303
25.0,1:2:2,8,144,5,136
26.0,1:2:2,8,118,33,79
26.0,1:2:2,4,434,50,217
28.0,1:2:2,2,751,56,330
24.0,1:2:2,4,626,45,344
25.0,1:2:2,8,144,54,66
26.0,1:10:10,4,542,54,249
26.0,1:1:1,3,566,39,345
24.0,1:1:1,7,149,44,83
28.0,1:1:1,4,295,48,153
28.0,1:2:2,4,337,77,77
24.0,1:10:10,5,525,20,420
24.0,1:1:1,7,149,62,56
28.0,1:2:2,1,1120,41,660
26.0,1:10:10,6,244,84,39
26.0,1:5:5,1,1620,72,453
24.0,1:2:2,5,420,62,159
28.0,1:2:2,1,1120,84,179
24.0,1:10:10,3,1168,85,175
28.0,1:10:10,7,114,61,44
24.0,1:1:1,6,246,45,135
24.0,1:5:5,6,317,64,114
25.0,1:5:5,7,162,95,8
26.0,1:2:2,6,195,36,124
28.0,1:2:2,4,337,72,94
26.0,1:5:5,6,219,51,107
25.0,1:1:1,6,208,36,133
26.0,1:1:1,8,103,52,49
26.0,1:2:2,7,118,39,71
28.0,1:2:2,5,226,71,65
28.0,1:2:2,1,1120,45,616
24.0,1:10:10,7,212,23,163
26.0,1:10:10,3,809,32,550
24.0,1:10:10,4,783,12,689
28.0,1:2:2,5,226,86,31
25.0,1:2:2,4,530,33,355
24.0,1:1:1,3,818,72,229
24.0,1:5:5,8,191,59,78
26.0,1:1:1,3,566,36,362
28.0,1:10:10,6,189,41,111
25.0,1:10:10,7,180,21,142
25.0,1:2:2,4,530,14,455
28.0,1:5:5,7,103,39,62
25.0,1:2:2,6,238,75,59
25.0,1:1:1,5,311,23,239
25.0,1:1:1,2,1032,66,350
24.0,1:2:2,7,170,45,93
28.0,1:1:1,6,133,83,22
25.0,1:5:5,4,596,49,303
28.0,1:10:10,1,1400,55,629
26.0,1:5:5,2,1086,62,412
25.0,1:2:2,2,1180,29,837
25.0,1:5:5,1,1980,36,1267
25.0,1:1:1,8,126,40,75
25.0,1:5:5,1,1980,35,1287
26.0,1:2:2,4,434,47,230
25.0,1:10:10,8,180,36,115
25.0,1:10:10,2,1475,89,162
24.0,1:2:2,5,420,69,130
25.0,1:2:2,7,144,52,69
24.0,1:1:1,5,367,27,267
28.0,1:1:1,5,198,50,99
28.0,1:1:1,4,295,69,91
25.0,1:1:1,5,311,49,158
25.0,1:2:2,6,238,17,197
26.0,1:10:10,1,1800,38,1116
24.0,1:1:1,3,818,67,269
28.0,1:2:2,1,1120,65,392
26.0,1:10:10,5,363,27,264
24.0,1:5:5,2,1569,60,627
26.0,1:1:1,3,566,53,266
28.0,1:2:2,3,503,74,130
28.0,1:10:10,1,1400,46,756
26.0,1:2:2,2,965,55,434
24.0,1:5:5,8,191,46,103
24.0,1:10:10,4,783,0,783
25.0,1:10:10,2,1475,59,604
26.0,1:2:2,5,291,54,133
28.0,1:5:5,2,845,57,363
24.0,1:2:2,4,626,45,344
26.0,1:5:5,1,1620,31,1117
25.0,1:1:1,4,464,54,213
26.0,1:1:1,4,380,77,87
25.0,1:1:1,3,692,12,608
24.0,1:5:5,2,1569,5,1490
25.0,1:5:5,4,596,14,512
25.0,1:5:5,7,162,9,147
24.0,1:1:1,4,548,34,361
24.0,1:2:2,4,626,-8,676
26.0,1:5:5,1,1620,29,1150
25.0,1:10:10,1,2200,56,967
26.0,1:2:2,6,195,34,128
24.0,1:2:2,3,935,41,551
26.0,1:5:5,1,1620,68,518
28.0,1:5:5,1,1260,60,504
28.0,1:5:5,3,566,31,390
24.0,1:2:2,6,281,39,171
25.0,1:2:2,6,238,72,66
24.0,1:1:1,6,246,17,204
25.0,1:1:1,6,208,45,114
24.0,1:5:5,4,705,43,401
28.0,1:2:2,5,226,46,122
24.0,1:2:2,2,1394,25,1045
24.0,1:2:2,4,626,56,275
28.0,1:10:10,1,1400,39,854
28.0,1:10:10,3,629,64,226
26.0,1:5:5,4,488,67,161
26.0,1:2:2,8,118,40,70
26.0,1:5:5,5,327,22,255
26.0,1:10:10,6,244,82,43
28.0,1:10:10,4,422,85,63
26.0,1:2:2,8,118,51,57
25.0,1:2:2,7,144,61,56
28.0,1:1:1,2,657,63,243
28.0,1:2:2,3,503,67,165
25.0,1:10:10,3,989,78,217
25.0,1:2:2,1,1760,53,827
24.0,1:1:1,3,818,27,597
26.0,1:1:1,4,380,75,95
26.0,1:5:5,8,132,67,43
26.0,1:10:10,6,244,33,163
28.0,1:2:2,1,1120,77,257
26.0,1:2:2,1,1440,61,561
26.0,1:5:5,2,1086,30,760
28.0,1:2:2,7,91,58,38
28.0,1:1:1,5,198,50,99
28.0,1:1:1,2,657,47,348
25.0,1:10:10,1,2200,48,1144
28.0,1:1:1,3,440,61,171
28.0,1:2:2,8,91,57,39
24.0,1:1:1,6,246,53,115
28.0,1:1:1,5,198,68,63
26.0,1:5:5,4,488,65,170
28.0,1:10:10,2,938,45,515
25.0,1:1:1,4,464,14,399
26.0,1:2:2,5,291,37,183
28.0,1:2:2,3,503,76,120
25.0,1:10:10,8,180,25,135
26.0,1:10:10,2,1207,56,531
24.0,1:5:5,2,1569,49,800
28.0,1:2:2,4,337,86,47
24.0,1:2:2,6,281,57,120
28.0,1:5:5,3,566,22,441
24.0,1:10:10,2,1743,67,575
28.0,1:5:5,7,103,74,26
25.0,1:1:1,4,464,80,92
25.0,1:1:1,1,1540,38,954
28.0,1:10:10,8,114,83,19
26.0,1:5:5,2,1086,74,282
26.0,1:10:10,4,542,43,308
24.0,1:1:1,1,1820,44,1019
24.0,1:2:2,4,626,25,469
26.0,1:1:1,6,171,84,27
25.0,1:5:5,7,162,54,74
25.0,1:1:1,6,208,8,191
26.0,1:2:2,5,291,45,160
24.0,1:1:1,1,1820,78,400
25.0,1:2:2,7,144,63,53
24.0,1:1:1,6,246,35,159
24.0,1:10:10,3,1168,38,724
28.0,1:2:2,2,751,72,210
25.0,1:2:2,4,530,83,90
24.0,1:5:5,1,2340,68,748
28.0,1:2:2,6,152,51,74
24.0,1:10:10,2,1743,50,871
28.0,1:10:10,3,629,61,245
28.0,1:1:1,2,657,43,374
28.0,1:5:5,8,103,48,53
24.0,1:10:10,6,352,55,158
24.0,1:2:2,5,420,53,197
24.0,1:2:2,4,626,48,325
24.0,1:5:5,6,317,52,152
26.0,1:10:10,5,363,45,199
26.0,1:2:2,1,1440,61,561
25.0,1:10:10,8,180,12,158
26.0,1:1:1,8,103,72,28
25.0,1:10:10,3,989,26,731
25.0,1:2:2,4,530,48,275
24.0,1:10:10,3,1168,34,770
24.0,1:1:1,1,1820,51,891
28.0,1:1:1,5,198,34,130
28.0,1:10:10,2,938,73,253
26.0,1:1:1,1,1260,35,819
24.0,1:1:1,7,149,60,59
28.0,1:2:2,7,91,57,39
25.0,1:2:2,1,1760,60,704
24.0,1:10:10,7,212,50,106
28.0,1:1:1,8,80,79,16
28.0,1:10:10,4,422,38,261
25.0,1:10:10,2,1475,45,811
25.0,1:1:1,7,126,51,61
25.0,1:10:10,2,1475,65,516
28.0,1:10:10,4,422,83,71
26.0,1:1:1,1,1260,31,869
28.0,1:5:5,5,254,73,68
25.0,1:2:2,8,144,64,51
25.0,1:10:10,4,663,62,251
25.0,1:1:1,6,208,80,41
24.0,1:2:2,3,935,64,336
26.0,1:5:5,1,1620,55,728
24.0,1:5:5,4,705,-7,754
25.0,1:5:5,7,162,37,102
26.0,1:5:5,4,488,86,68
25.0,1:5:5,1,1980,67,653
26.0,1:2:2,8,118,47,62
26.0,1:10:10,8,147,19,119
25.0,1:5:5,1,1980,61,772
26.0,1:1:1,6,171,52,82
28.0,1:1:1,1,980,69,303
24.0,1:1:1,5,367,24,278
28.0,1:5:5,7,103,45,56
28.0,1:2:2,3,503,71,145
26.0,1:5:5,7,132,58,55
26.0,1:10:10,4,542,46,292
28.0,1:1:1,3,440,75,110
25.0,1:5:5,2,1327,82,238
26.0,1:5:5,3,728,79,152
24.0,1:1:1,6,246,-1,248
25.0,1:2:2,2,1180,46,637
26.0,1:5:5,8,132,50,66
24.0,1:1:1,7,149,13,129
28.0,1:1:1,5,198,67,65
24.0,1:5:5,8,191,52,91
25.0,1:10:10,3,989,53,464
26.0,1:1:1,1,1260,59,516
25.0,1:1:1,1,1540,57,662
28.0,1:1:1,3,440,78,96
26.0,1:5:5,6,219,20,175
28.0,1:1:1,3,440,61,171
24.0,1:10:10,5,525,36,336
28.0,1:5:5,5,254,81,48
28.0,1:2:2,2,751,10,675
24.0,1:2:2,8,170,74,44
26.0,1:1:1,2,845,55,380
28.0,1:5:5,7,103,28,74
28.0,1:1:1,4,295,54,135
25.0,1:5:5,7,162,33,108
26.0,1:10:10,2,1207,42,700
26.0,1:5:5,3,728,57,313
28.0,1:1:1,4,295,55,132
26.0,1:10:10,7,147,40,88
25.0,1:2:2,1,1760,79,369
25.0,1:10:10,3,989,55,445
26.0,1:10:10,8,147,34,97
28.0,1:10:10,1,1400,28,1008
24.0,1:1:1,4,548,28,394
24.0,1:2:2,4,626,34,413
26.0,1:1:1,6,171,99,1
25.0,1:10:10,6,298,60,119
26.0,1:5:5,2,1086,9,988
24.0,1:2:2,1,2080,5,1976
26.0,1:5:5,1,1620,59,664
25.0,1:2:2,7,144,73,38
26.0,1:10:10,5,363,66,123
28.0,1:10:10,3,629,42,364
25.0,1:10:10,8,180,88,21
24.0,1:5:5,4,705,39,430
24.0,1:2:2,8,170,18,139
28.0,1:2:2,8,91,56,40
24.0,1:2:2,8,170,31,117
26.0,1:1:1,4,380,37,239
28.0,1:10:10,2,938,56,412
26.0,1:10:10,1,1800,48,936
26.0,1:5:5,5,327,74,85
25.0,1:10:10,4,663,100,0
28.0,1:10:10,6,189,44,105
28.0,1:5:5,1,1260,57,541
24.0,1:5:5,2,1569,18,1286
28.0,1:5:5,8,103,49,52
24.0,1:10:10,7,212,40,127
24.0,1:2:2,8,170,37,107
28.0,1:5:5,1,1260,81,239
24.0,1:1:1,6,246,61,95
26.0,1:2:2,7,118,45,64
25.0,1:5:5,8,162,14,139
28.0,1:5:5,2,845,19,684
28.0,1:1:1,7,80,53,37
26.0,1:5:5,7,132,64,47
28.0,1:10:10,7,114,34,75
24.0,1:10:10,1,2600,33,1741
28.0,1:2:2,8,91,58,38
28.0,1:1:1,5,198,42,114
24.0,1:5:5,3,1051,56,462
26.0,1:5:5,8,132,30,92
28.0,1:5:5,2,845,70,253
28.0,1:5:5,8,103,58,43
26.0,1:5:5,8,132,66,44
24.0,1:2:2,7,170,-10,187
28.0,1:5:5,2,845,60,338
28.0,1:1:1,5,198,98,3
25.0,1:5:5,7,162,30,113
24.0,1:1:1,8,149,24,113
25.0,1:1:1,5,311,90,31
25.0,1:1:1,1,1540,43,877
28.0,1:10:10,4,422,86,59
26.0,1:5:5,3,728,14,626
25.0,1:10:10,5,444,45,244
28.0,1:1:1,1,980,46,529
26.0,1:5:5,4,488,50,244
26.0,1:10:10,3,809,14,695
25.0,1:1:1,7,126,57,54
26.0,1:1:1,1,1260,38,781
28.0,1:2:2,2,751,70,225
28.0,1:2:2,2,751,55,337
28.0,1:1:1,2,657,67,216
25.0,1:5:5,7,162,44,90
26.0,1:1:1,4,380,52,182
24.0,1:1:1,3,818,1,809
25.0,1:10:10,3,989,46,534
25.0,1:10:10,3,989,40,593
25.0,1:5:5,5,400,49,204
28.0,1:2:2,3,503,96,20
28.0,1:1:1,2,657,85,98
28.0,1:2:2,2,751,68,240
26.0,1:5:5,1,1620,65,567
24.0,1:1:1,8,149,63,55
24.0,1:2:2,7,170,42,98
26.0,1:5:5,7,132,56,58
25.0,1:5:5,5,400,12,352
24.0,1:5:5,7,191,59,78
28.0,1:1:1,4,295,50,147
26.0,1:10:10,3,809,37,509
28.0,1:5:5,3,566,46,305
24.0,1:2:2,1,2080,35,1352
25.0,1:5:5,4,596,16,500
24.0,1:1:1,8,149,26,110
24.0,1:1:1,8,149,37,93
28.0,1:10:10,5,283,73,76
26.0,1:1:1,7,103,76,24
25.0,1:2:2,8,144,43,82
24.0,1:2:2,2,1394,28,1003
28.0,1:1:1,2,657,78,144
25.0,1:10:10,2,1475,22,1150
26.0,1:5:5,4,488,26,361
26.0,1:1:1,2,845,35,549
25.0,1:2:2,1,1760,18,1443
25.0,1:1:1,2,1032,43,588
28.0,1:2:2,7,91,69,28
25.0,1:10:10,4,663,37,417
25.0,1:10:10,1,2200,32,1495
28.0,1:1:1,3,440,90,43
28.0,1:2:2,6,152,84,24
28.0,1:5:5,6,171,47,90
26.0,1:10:10,1,1800,52,864
24.0,1:2:2,6,281,-1,283
28.0,1:2:2,8,91,46,49
28.0,1:1:1,4,295,61,115
26.0,1:5:5,4,488,59,200
26.0,1:5:5,7,132,39,80
28.0,1:2:2,3,503,63,186
28.0,1:2:2,1,1120,68,358
25.0,1:1:1,3,692,68,221
24.0,1:5:5,3,1051,34,693
24.0,1:10:10,4,783,44,438
28.0,1:5:5,5,254,87,33
24.0,1:10:10,4,783,39,477
28.0,1:2:2,2,751,40,450
28.0,1:10:10,8,114,26,84
28.0,1:10:10,1,1400,61,546
26.0,1:5:5,1,1620,57,696
25.0,1:5:5,7,162,55,72
26.0,1:2:2,8,118,75,29
26.0,1:1:1,7,103,62,39
24.0,1:10:10,4,783,41,461
28.0,1:10:10,4,422,17,350
26.0,1:5:5,4,488,69,151
26.0,1:2:2,3,647,46,349
25.0,1:2:2,5,355,14,305
24.0,1:2:2,6,281,64,101
26.0,1:2:2,4,434,34,286
24.0,1:10:10,4,783,64,281
26.0,1:5:5,2,1086,67,358
26.0,1:10:10,7,147,19,119
28.0,1:10:10,6,189,83,32
26.0,1:5:5,3,728,61,283
26.0,1:1:1,6,171,52,82
25.0,1:10:10,7,180,62,68
25.0,1:2:2,2,1180,42,684
25.0,1:2:2,5,355,55,159
24.0,1:1:1,7,149,18,122
24.0,1:1:1,6,246,78,54
28.0,1:5:5,8,103,63,38
24.0,1:10:10,7,212,38,131
25.0,1:5:5,6,268,37,168
28.0,1:1:1,3,440,56,193
25.0,1:1:1,6,208,21,164
28.0,1:5:5,3,566,43,322
26.0,1:5:5,5,327,66,111
25.0,1:1:1,3,692,52,332
25.0,1:2:2,3,791,76,189
28.0,1:1:1,4,295,91,26
26.0,1:5:5,2,1086,64,390
28.0,1:2:2,5,226,106,-13
25.0,1:1:1,4,464,32,315
26.0,1:2:2,1,1440,35,936
24.0,1:10:10,5,525,41,309
24.0,1:2:2,7,170,28,122
26.0,1:5:5,1,1620,53,761
25.0,1:1:1,7,126,70,37
24.0,1:1:1,5,367,54,168
28.0,1:1:1,4,295,52,141
28.0,1:10:10,7,114,69,35
25.0,1:5:5,6,268,54,123
25.0,1:10:10,3,989,53,464
24.0,1:2:2,5,420,41,247
28.0,1:5:5,2,845,49,430
28.0,1:1:1,8,80,47,42
24.0,1:5:5,2,1569,61,611
24.0,1:5:5,5,472,48,245
28.0,1:10:10,1,1400,68,447
28.0,1:1:1,1,980,82,176
24.0,1:5:5,1,2340,14,2012
25.0,1:5:5,5,400,66,136
26.0,1:2:2,7,118,5,112
26.0,1:5:5,7,132,46,71
25.0,1:2:2,1,1760,36,1126
28.0,1:5:5,8,103,62,39
28.0,1:1:1,7,80,60,32
26.0,1:1:1,8,103,28,74
25.0,1:2:2,3,791,33,529
25.0,1:2:2,8,144,35,93
26.0,1:10:10,4,542,32,368
25.0,1:10:10,8,180,32,122
28.0,1:5:5,8,103,48,53
24.0,1:2:2,1,2080,34,1372
28.0,1:1:1,5,198,100,0
25.0,1:5:5,4,596,48,309
28.0,1:5:5,5,254,81,48
26.0,1:2:2,1,1440,42,835
25.0,1:10:10,6,298,49,151
28.0,1:10:10,2,938,61,365
25.0,1:2:2,1,1760,36,1126
25.0,1:1:1,5,311,60,124
26.0,1:1:1,7,103,45,56
25.0,1:2:2,7,144,71,41
26.0,1:5:5,3,728,25,546
26.0,1:1:1,5,254,75,63
24.0,1:10:10,4,783,48,407
28.0,1:10:10,8,114,59,46
25.0,1:5:5,2,1327,65,464
28.0,1:10:10,8,114,58,47
24.0,1:10:10,6,352,33,235
25.0,1:2:2,8,144,100,0
26.0,1:10:10,7,147,42,85
24.0,1:10:10,5,525,57,225
24.0,1:1:1,6,246,49,125
26.0,1:5:5,1,1620,37,1020
25.0,1:1:1,1,1540,60,616
28.0,1:1:1,8,80,23,61
25.0,1:1:1,4,464,55,208
26.0,1:1:1,2,845,49,430
26.0,1:5:5,2,1086,53,510
26.0,1:1:1,7,103,100,0
28.0,1:10:10,7,114,58,47
25.0,1:10:10,2,1475,65,516
25.0,1:2:2,1,1760,60,704
24.0,1:2:2,2,1394,27,1017
26.0,1:10:10,2,1207,83,205
28.0,1:2:2,1,1120,39,683
24.0,1:5:5,8,191,-8,206
24.0,1:1:1,4,548,54,252
28.0,1:5:5,7,103,43,58
28.0,1:10:10,7,114,62,43
24.0,1:5:5,5,472,51,231
26.0,1:10:10,6,244,23,187
24.0,1:2:2,8,170,29,120
28.0,1:10:10,6,189,72,52
24.0,1:1:1,8,149,28,107
28.0,1:10:10,4,422,48,219
28.0,1:2:2,4,337,67,111
25.0,1:5:5,1,1980,46,1069
25.0,1:1:1,3,692,48,359
26.0,1:2:2,2,965,40,579
25.0,1:5:5,7,162,55,72
26.0,1:1:1,6,171,35,111
24.0,1:10:10,4,783,14,673
26.0,1:5:5,8,132,47,69
25.0,1:1:1,4,464,57,199
25.0,1:2:2,3,791,45,435
26.0,1:10:10,1,1800,55,809
26.0,1:1:1,4,380,41,224
25.0,1:10:10,7,180,50,90
26.0,1:2:2,1,1440,48,748
28.0,1:5:5,4,380,83,64
26.0,1:1:1,5,254,81,48
24.0,1:2:2,8,170,10,153
28.0,1:10:10,5,283,52,135
24.0,1:1:1,8,149,47,78
25.0,1:2:2,8,144,73,38
28.0,1:1:1,1,980,41,578
25.0,1:2:2,5,355,49,181
24.0,1:1:1,6,246,3,238
28.0,1:1:1,5,198,43,112
24.0,1:1:1,5,367,22,286
24.0,1:2:2,2,1394,71,404
26.0,1:10:10,3,809,49,412
25.0,1:10:10,6,298,71,86
28.0,1:1:1,4,295,71,85
25.0,1:2:2,7,144,46,77
24.0,1:5:5,3,1051,0,1051
24.0,1:2:2,2,1394,14,1198
26.0,1:1:1,2,845,62,321
25.0,1:1:1,7,126,10,113
28.0,1:5:5,1,1260,38,781
24.0,1:2:2,1,2080,16,1747
28.0,1:2:2,5,226,76,54
24.0,1:2:2,2,1394,54,641
26.0,1:2:2,7,118,0,118
26.0,1:5:5,2,1086,57,466
28.0,1:1:1,3,440,22,343
25.0,1:1:1,3,692,32,470
26.0,1:5:5,8,132,32,89
26.0,1:5:5,5,327,69,101
25.0,1:2:2,4,530,69,164
25.0,1:5:5,4,596,52,286
24.0,1:5:5,5,472,83,80
24.0,1:2:2,5,420,68,134
24.0,1:5:5,7,191,44,106
25.0,1:2:2,5,355,75,88
24.0,1:5:5,5,472,31,325
25.0,1:2:2,4,530,57,227
25.0,1:2:2,7,144,33,96
25.0,1:5:5,2,1327,73,358
26.0,1:10:10,5,363,49,185
28.0,1:1:1,3,440,65,154
28.0,1:5:5,3,566,52,271
28.0,1:2:2,2,751,39,458
28.0,1:1:1,2,657,57,282
28.0,1:5:5,1,1260,48,655
28.0,1:2:2,8,91,48,47
28.0,1:2:2,2,751,42,435
24.0,1:10:10,3,1168,56,513
25.0,1:2:2,4,530,47,280
26.0,1:10:10,6,244,33,163
28.0,1:10:10,8,114,89,12
28.0,1:10:10,1,1400,70,420
25.0,1:1:1,6,208,35,135
25.0,1:2:2,3,791,39,482
25.0,1:10:10,8,180,12,158
25.0,1:10:10,2,1475,56,648
26.0,1:5:5,1,1620,61,631
25.0,1:5:5,4,596,71,172
28.0,1:10:10,6,189,43,107
26.0,1:10:10,5,363,40,217
24.0,1:1:1,3,818,34,539
28.0,1:10:10,1,1400,34,923
26.0,1:2:2,2,965,63,357
25.0,1:5:5,4,596,95,29
25.0,1:10:10,6,298,59,122
25.0,1:2:2,7,144,49,73
28.0,1:10:10,5,283,41,166
26.0,1:2:2,1,1440,46,777
25.0,1:5:5,3,890,63,329
28.0,1:10:10,5,283,26,209
26.0,1:2:2,5,291,71,84
28.0,1:10:10,5,283,65,99
25.0,1:1:1,6,208,52,99
26.0,1:1:1,2,845,49,430
26.0,1:5:5,2,1086,64,390
26.0,1:5:5,7,132,44,73
28.0,1:2:2,4,337,33,225
24.0,1:5:5,3,1051,44,588
28.0,1:1:1,3,440,53,206
25.0,1:10:10,2,1475,26,1091
25.0,1:1:1,3,692,59,283
26.0,1:2:2,6,195,55,87
28.0,1:10:10,2,938,46,506
24.0,1:2:2,3,935,48,486
26.0,1:1:1,8,103,73,27
28.0,1:2:2,6,152,39,92
24.0,1:1:1,8,149,23,114
26.0,1:10:10,8,147,17,122
28.0,1:5:5,3,566,28,407
25.0,1:1:1,3,692,59,283
26.0,1:10:10,1,1800,57,774
26.0,1:10:10,8,147,26,108
26.0,1:5:5,7,132,69,40
26.0,1:5:5,1,1620,50,810
28.0,1:1:1,2,657,29,466
26.0,1:5:5,2,1086,50,543
26.0,1:5:5,3,728,46,393
25.0,1:2:2,1,1760,43,1003
26.0,1:5:5,2,1086,51,532
24.0,1:10:10,8,212,62,80
25.0,1:1:1,7,126,39,76
26.0,1:1:1,5,254,54,116
25.0,1:10:10,1,2200,32,1495
26.0,1:5:5,4,488,48,253
26.0,1:1:1,7,103,49,52
28.0,1:2:2,5,226,54,103
28.0,1:2:2,6,152,70,45
28.0,1:5:5,6,171,104,-6
26.0,1:2:2,4,434,38,269
24.0,1:2:2,7,170,32,115
24.0,1:1:1,4,548,71,158
28.0,1:10:10,1,1400,58,588
25.0,1:1:1,5,311,72,87
28.0,1:5:5,2,845,62,321
25.0,1:2:2,4,530,19,429
25.0,1:10:10,1,2200,40,1320
26.0,1:5:5,1,1620,68,518
26.0,1:1:1,7,103,30,72
25.0,1:2:2,1,1760,45,968
25.0,1:5:5,1,1980,40,1188
28.0,1:1:1,4,295,88,35
25.0,1:10:10,3,989,44,553
24.0,1:5:5,6,317,36,202
28.0,1:1:1,5,198,36,126
26.0,1:2:2,4,434,81,82
26.0,1:10:10,7,147,46,79
28.0,1:1:1,5,198,77,45
25.0,1:2:2,7,144,68,46
26.0,1:5:5,3,728,52,349
24.0,1:2:2,3,935,50,467
26.0,1:10:10,6,244,54,112
26.0,1:5:5,5,327,48,170
26.0,1:5:5,3,728,0,728
24.0,1:10:10,3,1168,72,327
24.0,1:10:10,1,2600,48,1352
24.0,1:10:10,8,212,31,146
28.0,1:1:1,5,198,88,23
26.0,1:1:1,3,566,24,430
25.0,1:1:1,6,208,64,74
25.0,1:2:2,1,1760,55,791
25.0,1:2:2,8,144,46,77
24.0,1:2:2,2,1394,51,683
26.0,1:2:2,8,118,74,30
25.0,1:5:5,4,596,38,369
24.0,1:2:2,8,170,44,95
24.0,1:2:2,1,2080,25,1560
28.0,1:5:5,6,171,72,47
28.0,1:10:10,3,629,71,182
28.0,1:5:5,2,845,72,236
24.0,1:5:5,7,191,13,166
24.0,1:2:2,5,420,57,180
26.0,1:10:10,2,1207,53,567
28.0,1:2:2,6,152,31,104
26.0,1:10:10,7,147,58,61
28.0,1:2:2,7,91,34,60
28.0,1:2:2,6,152,70,45
25.0,1:2:2,4,530,21,418
28.0,1:1:1,1,980,43,558
26.0,1:2:2,3,647,60,258
26.0,1:2:2,2,965,26,714
28.0,1:10:10,8,114,64,41
25.0,1:2:2,7,144,18,118
24.0,1:2:2,2,1394,30,975
28.0,1:1:1,8,80,80,15
24.0,1:10:10,6,352,72,98
24.0,1:2:2,8,170,49,86
26.0,1:2:2,4,434,73,117
24.0,1:2:2,2,1394,48,724
25.0,1:1:1,7,126,17,104
24.0,1:5:5,4,705,31,486
28.0,1:2:2,5,226,75,56
24.0,1:5:5,1,2340,29,1661
24.0,1:10:10,5,525,54,241
26.0,1:1:1,5,254,47,134
25.0,1:2:2,2,1180,88,141
26.0,1:2:2,2,965,48,501
24.0,1:10:10,3,1168,8,1074
24.0,1:5:5,5,472,23,363
26.0,1:1:1,3,566,49,288
28.0,1:5:5,6,171,50,85
25.0,1:10:10,3,989,50,494
24.0,1:10:10,8,212,32,144
26.0,1:10:10,3,809,35,525
24.0,1:1:1,3,818,18,670
25.0,1:2:2,6,238,57,102
24.0,1:1:1,1,1820,41,1073
28.0,1:5:5,7,103,63,38
24.0,1:10:10,3,1168,57,502
24.0,1:10:10,5,525,-1,530
25.0,1:5:5,4,596,61,232
26.0,1:10:10,3,809,72,226
28.0,1:2:2,7,91,31,62
26.0,1:1:1,2,845,64,304
26.0,1:5:5,3,728,73,196
24.0,1:1:1,7,149,48,77
28.0,1:2:2,5,226,43,128
28.0,1:10:10,2,938,62,356
25.0,1:5:5,4,596,38,369
25.0,1:5:5,6,268,48,139
24.0,1:5:5,2,1569,58,658
26.0,1:1:1,8,103,67,33
26.0,1:1:1,6,171,39,104
24.0,1:2:2,4,626,57,269
25.0,1:10:10,1,2200,76,528
25.0,1:1:1,8,126,49,64
26.0,1:10:10,8,147,56,64
26.0,1:1:1,8,103,60,41
28.0,1:5:5,7,103,74,26
24.0,1:5:5,1,2340,50,1170
26.0,1:1:1,8,103,57,44
24.0,1:1:1,1,1820,58,764
26.0,1:5:5,1,1620,78,356
25.0,1:2:2,6,238,39,145
28.0,1:1:1,4,295,74,76
24.0,1:1:1,1,1820,-10,2002
25.0,1:5:5,2,1327,55,597
26.0,1:5:5,3,728,86,101
26.0,1:10:10,3,809,51,396
24.0,1:5:5,3,1051,63,388
24.0,1:2:2,5,420,35,273
24.0,1:2:2,1,2080,38,1289
26.0,1:10:10,4,542,59,222
28.0,1:5:5,7,103,56,45
25.0,1:2:2,4,530,48,275
26.0,1:5:5,6,219,52,105
24.0,1:1:1,1,1820,23,1401
25.0,1:10:10,2,1475,36,944
24.0,1:2:2,4,626,42,363
28.0,1:10:10,1,1400,63,518
28.0,1:10:10,2,938,56,412
28.0,1:2:2,2,751,40,450
25.0,1:5:5,2,1327,19,1074
24.0,1:1:1,8,149,57,64
25.0,1:5:5,7,162,17,134
26.0,1:2:2,3,647,18,530
24.0,1:1:1,6,246,58,103
25.0,1:5:5,4,596,57,256
26.0,1:10:10,5,363,37,228
24.0,1:10:10,1,2600,38,1612
24.0,1:2:2,3,935,48,486
28.0,1:5:5,5,254,55,114
24.0,1:5:5,1,2340,86,327
28.0,1:2:2,6,152,56,66
25.0,1:1:1,1,1540,52,739
24.0,1:1:1,8,149,55,67
26.0,1:2:2,4,434,85,65
24.0,1:5:5,7,191,24,145
26.0,1:10:10,6,244,66,82
25.0,1:1:1,7,126,81,23
26.0,1:10:10,5,363,83,61
24.0,1:2:2,4,626,60,250
24.0,1:2:2,1,2080,28,1497
24.0,1:1:1,6,246,36,157
28.0,1:10:10,6,189,79,39
24.0,1:10:10,3,1168,32,794
26.0,1:5:5,1,1620,36,1036
25.0,1:10:10,8,180,36,115
28.0,1:5:5,7,103,93,7
24.0,1:2:2,5,420,21,331
24.0,1:1:1,4,548,20,438
28.0,1:2:2,4,337,34,222
28.0,1:2:2,5,226,47,119
26.0,1:1:1,4,380,12,334
28.0,1:1:1,4,295,71,85
25.0,1:5:5,1,1980,27,1445
25.0,1:10:10,6,298,67,98
28.0,1:5:5,2,845,53,397
24.0,1:5:5,4,705,45,387
24.0,1:2:2,4,626,43,356
28.0,1:2:2,5,226,59,92
28.0,1:1:1,7,80,28,57
24.0,1:5:5,8,191,29,135
26.0,1:10:10,3,809,27,590
25.0,1:1:1,4,464,66,157
24.0,1:2:2,5,420,32,285
24.0,1:10:10,6,352,46,190
24.0,1:5:5,1,2340,37,1474
24.0,1:1:1,1,1820,20,1456
26.0,1:10:10,4,542,70,162
25.0,1:10:10,2,1475,50,737
25.0,1:2:2,1,1760,68,563
26.0,1:5:5,7,132,0,132
25.0,1:2:2,6,238,25,178
25.0,1:10:10,3,989,16,830
26.0,1:5:5,4,488,81,92
28.0,1:10:10,7,114,45,62
25.0,1:2:2,1,1760,21,1390
26.0,1:10:10,8,147,26,108
26.0,1:10:10,1,1800,55,809
24.0,1:10:10,3,1168,32,794
25.0,1:2:2,4,530,63,196
28.0,1:10:10,7,114,101,-1
25.0,1:1:1,4,464,12,408
24.0,1:10:10,5,525,32,356
26.0,1:10:10,6,244,53,114
26.0,1:5:5,1,1620,71,469
24.0,1:10:10,6,352,43,200
24.0,1:2:2,7,170,71,49
24.0,1:10:10,8,212,17,175
24.0,1:5:5,5,472,14,405
25.0,1:5:5,6,268,70,80
26.0,1:5:5,7,132,15,112
24.0,1:2:2,2,1394,75,348
26.0,1:5:5,4,488,53,229
26.0,1:2:2,3,647,14,556
26.0,1:10:10,2,1207,63,446
25.0,1:2:2,7,144,76,34
25.0,1:5:5,7,162,34,106
28.0,1:2:2,7,91,61,35
28.0,1:1:1,5,198,82,35
24.0,1:2:2,8,170,67,56
28.0,1:10:10,3,629,58,264
25.0,1:2:2,1,1760,29,1249
24.0,1:10:10,7,212,57,91
28.0,1:1:1,3,440,62,167
28.0,1:5:5,1,1260,54,579
24.0,1:5:5,6,317,43,180
25.0,1:1:1,6,208,53,97
24.0,1:10:10,3,1168,23,899
28.0,1:5:5,7,103,27,75
28.0,1:1:1,7,80,87,10
25.0,1:5:5,2,1327,88,159
28.0,1:1:1,4,295,103,-8
28.0,1:2:2,8,91,33,60
26.0,1:10:10,3,809,58,339
28.0,1:1:1,2,657,76,157
24.0,1:1:1,8,149,40,89
26.0,1:5:5,6,219,76,52
28.0,1:2:2,7,91,70,27
24.0,1:10:10,2,1743,-7,1865
26.0,1:1:1,2,845,50,422
28.0,1:2:2,5,226,12,198
28.0,1:1:1,2,657,86,91
28.0,1:10:10,7,114,56,50
24.0,1:10:10,3,1168,38,724
28.0,1:10:10,1,1400,56,615
26.0,1:5:5,5,327,20,261
25.0,1:5:5,3,890,14,765
24.0,1:5:5,2,1569,26,1161
25.0,1:2:2,7,144,45,79
24.0,1:2:2,4,626,57,269
25.0,1:2:2,4,530,38,328
24.0,1:1:1,7,149,73,40
24.0,1:10:10,5,525,32,356
28.0,1:10:10,2,938,29,665
26.0,1:2:2,2,965,99,9
26.0,1:5:5,7,132,28,95
28.0,1:2:2,8,91,29,64
26.0,1:1:1,2,845,97,25
26.0,1:1:1,5,254,78,55
24.0,1:1:1,7,149,41,87
24.0,1:10:10,4,783,17,649
25.0,1:2:2,5,355,59,145
26.0,1:2:2,1,1440,40,864
25.0,1:5:5,2,1327,0,1327
24.0,1:1:1,2,1220,38,756
24.0,1:5:5,4,705,52,338
24.0,1:10:10,5,525,32,356
25.0,1:5:5,3,890,59,364
25.0,1:5:5,4,596,78,131
24.0,1:10:10,1,2600,70,780
24.0,1:5:5,1,2340,31,1614
24.0,1:10:10,2,1743,27,1272
25.0,1:1:1,4,464,45,255
24.0,1:5:5,6,317,45,174
28.0,1:5:5,1,1260,64,453
28.0,1:5:5,1,1260,72,352
28.0,1:1:1,3,440,66,149
24.0,1:10:10,7,212,32,144
26.0,1:2:2,5,291,28,209
24.0,1:1:1,4,548,60,219
24.0,1:10:10,4,783,60,313
24.0,1:10:10,4,783,16,657
24.0,1:1:1,1,1820,53,855
24.0,1:10:10,6,352,51,172
24.0,1:10:10,8,212,71,61
26.0,1:5:5,2,1086,35,705
28.0,1:5:5,6,171,79,35
28.0,1:1:1,4,295,77,67
26.0,1:1:1,8,103,100,0
28.0,1:5:5,4,380,52,182
28.0,1:10:10,7,114,90,11
25.0,1:1:1,8,126,73,34
28.0,1:10:10,5,283,46,152
28.0,1:10:10,6,189,76,45
26.0,1:1:1,5,254,53,119
24.0,1:5:5,2,1569,24,1192
25.0,1:5:5,7,162,34,106
25.0,1:2:2,2,1180,59,483
26.0,1:5:5,5,327,64,117
24.0,1:2:2,2,1394,31,961
25.0,1:10:10,1,2200,44,1232
25.0,1:5:5,7,162,5,153
26.0,1:10:10,7,147,58,61
26.0,1:2:2,6,195,60,78
24.0,1:2:2,4,626,-5,657
26.0,1:2:2,5,291,77,66
26.0,1:2:2,6,195,9,177
28.0,1:1:1,5,198,70,59
28.0,1:1:1,1,980,77,225
28.0,1:10:10,8,114,86,15
24.0,1:2:2,5,420,49,214
25.0,1:2:2,4,530,20,424
25.0,1:10:10,4,663,0,663
24.0,1:5:5,4,705,26,521
28.0,1:2:2,1,1120,51,548
28.0,1:10:10,5,283,39,172
24.0,1:5:5,1,2340,38,1450
24.0,1:10:10,4,783,80,156
26.0,1:1:1,8,103,33,69
26.0,1:5:5,8,132,45,72
28.0,1:10:10,3,629,28,452
28.0,1:5:5,2,845,81,160
24.0,1:1:1,5,367,65,128
28.0,1:2:2,7,91,42,52
28.0,1:2:2,6,152,75,38
28.0,1:1:1,5,198,72,55
25.0,1:2:2,2,1180,56,519
28.0,1:5:5,3,566,61,220
26.0,1:2:2,6,195,38,120
24.0,1:2:2,7,170,20,136
25.0,1:2:2,5,355,39,216
25.0,1:5:5,1,1980,67,653
26.0,1:10:10,2,1207,41,712
26.0,1:1:1,1,1260,61,491
24.0,1:2:2,3,935,59,383
28.0,1:1:1,4,295,97,8
25.0,1:2:2,2,1180,53,554
25.0,1:10:10,8,180,38,111
25.0,1:10:10,4,663,34,437
26.0,1:1:1,8,103,44,57
28.0,1:1:1,6,133,46,71
25.0,1:10:10,5,444,54,204
25.0,1:1:1,2,1032,54,474
28.0,1:1:1,8,80,51,39
24.0,1:1:1,3,818,37,515
26.0,1:1:1,4,380,52,182
28.0,1:5:5,4,380,63,140
28.0,1:10:10,1,1400,28,1008
25.0,1:2:2,7,144,43,82
26.0,1:1:1,4,380,45,209
25.0,1:2:2,1,1760,73,475
24.0,1:10:10,5,525,51,257
26.0,1:10:10,7,147,71,42
28.0,1:5:5,8,103,32,70
26.0,1:2:2,3,647,11,575
24.0,1:1:1,7,149,57,64
25.0,1:1:1,6,208,59,85
28.0,1:5:5,8,103,44,57
28.0,1:2:2,4,337,61,131
26.0,1:5:5,5,327,41,192
28.0,1:1:1,1,980,64,352
26.0,1:2:2,2,965,79,202
24.0,1:5:5,1,2340,42,1357
25.0,1:2:2,7,144,58,60
24.0,1:5:5,1,2340,33,1567
28.0,1:5:5,3,566,84,90
28.0,1:5:5,5,254,39,154
24.0,1:10:10,3,1168,81,221
25.0,1:10:10,7,180,52,86
26.0,1:2:2,3,647,69,200
25.0,1:10:10,7,180,36,115
25.0,1:5:5,2,1327,37,836
26.0,1:5:5,6,219,92,17
26.0,1:2:2,8,118,27,86
26.0,1:5:5,8,132,64,47
25.0,1:5:5,7,162,55,72
25.0,1:5:5,6,268,60,107
26.0,1:10:10,1,1800,22,1404
26.0,1:2:2,3,647,57,278
24.0,1:5:5,3,1051,40,630
26.0,1:2:2,8,118,48,61
25.0,1:5:5,1,1980,19,1603
24.0,1:5:5,7,191,30,133
28.0,1:10:10,8,114,45,62
24.0,1:10:10,6,352,78,77
25.0,1:1:1,7,126,9,114
28.0,1:2:2,3,503,74,130
24.0,1:10:10,3,1168,37,735
24.0,1:2:2,5,420,25,315
24.0,1:2:2,6,281,25,210
26.0,1:2:2,5,291,72,81
26.0,1:1:1,1,1260,64,453
25.0,1:5:5,8,162,44,90
24.0,1:2:2,4,626,76,150
25.0,1:10:10,6,298,36,190
24.0,1:5:5,5,472,51,231
25.0,1:1:1,2,1032,56,454
28.0,1:10:10,3,629,83,106
28.0,1:2:2,3,503,54,231
25.0,1:1:1,6,208,41,122
25.0,1:5:5,4,596,31,411
25.0,1:5:5,5,400,22,312
25.0,1:2:2,6,238,57,102
28.0,1:1:1,2,657,68,210
25.0,1:5:5,3,890,43,507
25.0,1:10:10,2,1475,59,604
24.0,1:1:1,2,1220,64,439
25.0,1:10:10,2,1475,36,944
26.0,1:1:1,1,1260,62,478
25.0,1:10:10,1,2200,64,792
25.0,1:1:1,8,126,67,41
24.0,1:5:5,7,191,26,141
25.0,1:5:5,7,162,28,116
25.0,1:2:2,2,1180,14,1014
26.0,1:5:5,6,219,80,43
28.0,1:2:2,5,226,28,162
25.0,1:1:1,4,464,78,102
24.0,1:2:2,6,281,63,103
24.0,1:2:2,3,935,8,860
24.0,1:10:10,3,1168,46,630
24.0,1:10:10,7,212,-10,233
28.0,1:1:1,6,133,109,-11
24.0,1:1:1,3,818,48,425
26.0,1:1:1,5,254,71,73
24.0,1:5:5,5,472,49,240
26.0,1:1:1,2,845,66,287
26.0,1:10:10,8,147,49,74
24.0,1:1:1,5,367,54,168
26.0,1:2:2,2,965,68,308
26.0,1:5:5,3,728,49,371
25.0,1:2:2,2,1180,72,330
26.0,1:2:2,1,1440,10,1296
26.0,1:1:1,6,171,61,66
25.0,1:1:1,6,208,27,151
28.0,1:10:10,4,422,29,299
24.0,1:10:10,1,2600,31,1793
24.0,1:1:1,3,818,59,335
28.0,1:1:1,6,133,92,10
24.0,1:1:1,2,1220,68,390
28.0,1:10:10,2,938,43,534
24.0,1:5:5,8,191,47,101
25.0,1:1:1,7,126,63,46
24.0,1:5:5,5,472,63,174
24.0,1:2:2,8,170,18,139
25.0,1:2:2,4,530,73,143
26.0,1:5:5,4,488,42,283
28.0,1:10:10,5,283,29,200
28.0,1:1:1,1,980,69,303
24.0,1:10:10,6,352,29,249
25.0,1:2:2,2,1180,51,578
24.0,1:5:5,8,191,42,110
26.0,1:10:10,3,809,64,291
28.0,1:2:2,4,337,42,195
26.0,1:10:10,4,542,77,124
25.0,1:2:2,6,238,59,97
26.0,1:1:1,3,566,84,90
28.0,1:2:2,2,751,33,503
26.0,1:10:10,2,1207,49,615
26.0,1:5:5,4,488,88,58
28.0,1:1:1,8,80,37,50
26.0,1:5:5,6,219,27,159
26.0,1:10:10,2,1207,43,687
28.0,1:10:10,5,283,74,73
24.0,1:2:2,8,170,42,98
25.0,1:2:2,6,238,52,114
24.0,1:10:10,7,212,39,129
25.0,1:1:1,7,126,47,66
26.0,1:2:2,1,1440,47,763
26.0,1:10:10,7,147,44,82
25.0,1:2:2,5,355,60,142
24.0,1:5:5,8,191,21,150
26.0,1:2:2,7,118,69,36
24.0,1:1:1,7,149,31,102
26.0,1:2:2,8,118,33,79
24.0,1:1:1,4,548,46,295
24.0,1:2:2,7,170,37,107
24.0,1:2:2,2,1394,44,780
26.0,1:5:5,4,488,42,283
25.0,1:1:1,8,126,1,124
28.0,1:2:2,6,152,28,109
28.0,1:5:5,1,1260,51,617
28.0,1:10:10,7,114,66,38
24.0,1:1:1,7,149,32,101
28.0,1:5:5,5,254,35,165
24.0,1:5:5,2,1569,44,878
25.0,1:10:10,3,989,69,306
26.0,1:5:5,2,1086,79,228
25.0,1:1:1,4,464,57,199
28.0,1:1:1,4,295,27,215
24.0,1:1:1,4,548,47,290
24.0,1:2:2,3,935,55,420
26.0,1:1:1,1,1260,38,781
28.0,1:1:1,4,295,67,97
26.0,1:10:10,1,1800,89,197
26.0,1:1:1,3,566,95,28
25.0,1:2:2,4,530,39,323
25.0,1:1:1,3,692,40,415
26.0,1:5:5,5,327,53,153
28.0,1:10:10,6,189,39,115
26.0,1:10:10,2,1207,59,494
25.0,1:1:1,5,311,64,111
24.0,1:1:1,5,367,43,209
28.0,1:5:5,6,171,69,53
24.0,1:2:2,5,420,57,180
25.0,1:5:5,8,162,100,0
28.0,1:5:5,2,845,57,363
24.0,1:5:5,4,705,26,521
28.0,1:5:5,7,103,63,38
25.0,1:2:2,5,355,49,181
25.0,1:10:10,2,1475,25,1106
26.0,1:10:10,1,1800,50,900
25.0,1:10:10,1,2200,27,1606
28.0,1:5:5,6,171,12,150
25.0,1:10:10,5,444,55,199
28.0,1:2:2,1,1120,88,134
26.0,1:2:2,2,965,74,250
26.0,1:2:2,2,965,62,366
25.0,1:1:1,3,692,72,193
26.0,1:1:1,6,171,34,112
26.0,1:1:1,5,254,58,106
25.0,1:10:10,1,2200,66,747
24.0,1:5:5,7,191,38,118
26.0,1:2:2,7,118,36,75
25.0,1:2:2,8,144,49,73
26.0,1:10:10,6,244,43,139
26.0,1:2:2,3,647,55,291
25.0,1:5:5,8,162,73,43
28.0,1:2:2,2,751,64,270
28.0,1:2:2,1,1120,44,627
28.0,1:1:1,5,198,60,79
26.0,1:5:5,6,219,76,52
26.0,1:10:10,8,147,74,38
28.0,1:5:5,6,171,80,34
26.0,1:5:5,5,327,44,183
25.0,1:10:10,3,989,46,534
25.0,1:1:1,1,1540,30,1078
26.0,1:2:2,7,118,22,92
24.0,1:10:10,2,1743,46,941
24.0,1:2:2,5,420,58,176
26.0,1:2:2,3,647,44,362
24.0,1:2:2,4,626,50,313
26.0,1:5:5,6,219,27,159
24.0,1:10:10,5,525,25,393
24.0,1:1:1,2,1220,0,1220
28.0,1:1:1,5,198,87,25
24.0,1:10:10,7,212,46,114
25.0,1:2:2,4,530,65,185
28.0,1:2:2,6,152,86,21
24.0,1:1:1,5,367,32,249
28.0,1:5:5,4,380,48,197
24.0,1:5:5,7,191,71,55
24.0,1:10:10,7,212,59,86
24.0,1:1:1,5,367,11,326
26.0,1:5:5,6,219,37,137
26.0,1:1:1,1,1260,77,289
26.0,1:5:5,4,488,63,180
25.0,1:1:1,1,1540,55,692
26.0,1:2:2,6,195,62,74
28.0,1:10:10,8,114,100,0
26.0,1:10:10,7,147,41,86
24.0,1:5:5,8,191,18,156
26.0,1:2:2,5,291,71,84
25.0,1:5:5,3,890,42,516
28.0,1:1:1,8,80,67,26
24.0,1:5:5,5,472,78,103
28.0,1:5:5,2,845,44,473
25.0,1:2:2,2,1180,45,649
24.0,1:5:5,8,191,70,57
28.0,1:10:10,1,1400,57,602
28.0,1:5:5,8,103,22,80
28.0,1:2:2,1,1120,84,179
28.0,1:5:5,1,1260,73,340
25.0,1:10:10,3,989,52,474
26.0,1:5:5,8,132,55,59
28.0,1:2:2,1,1120,50,560
24.0,1:10:10,6,352,45,193
28.0,1:1:1,4,295,84,47
28.0,1:2:2,2,751,93,52
28.0,1:2:2,4,337,69,104
25.0,1:5:5,1,1980,99,19
24.0,1:2:2,3,935,29,663
28.0,1:2:2,3,503,26,372
26.0,1:10:10,5,363,59,148
25.0,1:2:2,7,144,40,86
24.0,1:1:1,1,1820,55,818
25.0,1:2:2,2,1180,35,767
25.0,1:1:1,5,311,40,186
26.0,1:1:1,8,103,46,55
28.0,1:10:10,2,938,54,431
28.0,1:10:10,1,1400,26,1036
25.0,1:5:5,3,890,50,445
25.0,1:5:5,8,162,76,38
25.0,1:10:10,6,298,1,295
24.0,1:5:5,1,2340,38,1450
26.0,1:1:1,2,845,25,633
28.0,1:5:5,6,171,79,35
25.0,1:10:10,3,989,43,563
25.0,1:10:10,6,298,41,175
26.0,1:5:5,7,132,43,75
24.0,1:2:2,7,170,60,68
26.0,1:2:2,3,647,42,375
25.0,1:5:5,4,596,31,411
25.0,1:2:2,4,530,64,190
24.0,1:1:1,2,1220,33,817
24.0,1:10:10,8,212,29,150
25.0,1:10:10,3,989,39,603
25.0,1:10:10,1,2200,56,967
25.0,1:2:2,2,1180,63,436
26.0,1:10:10,3,809,66,275
26.0,1:10:10,6,244,16,204
26.0,1:2:2,7,118,32,80
26.0,1:1:1,2,845,50,422
28.0,1:2:2,4,337,46,181
24.0,1:1:1,1,1820,40,1092
24.0,1:5:5,2,1569,29,1113
25.0,1:1:1,4,464,28,334
28.0,1:5:5,7,103,46,55
28.0,1:5:5,2,845,92,67
24.0,1:5:5,5,472,49,240
26.0,1:5:5,8,132,51,64
24.0,1:2:2,1,2080,30,1456
24.0,1:2:2,2,1394,21,1101
26.0,1:2:2,4,434,50,217
24.0,1:5:5,7,191,49,97
26.0,1:5:5,5,327,58,137
24.0,1:10:10,1,2600,64,936
24.0,1:10:10,2,1743,64,627
28.0,1:1:1,5,198,41,116
24.0,1:1:1,8,149,61,58
28.0,1:10:10,8,114,42,66
26.0,1:5:5,1,1620,40,972
26.0,1:5:5,5,327,39,199
24.0,1:2:2,2,1394,60,557
25.0,1:2:2,5,355,24,269
28.0,1:2:2,6,152,69,47
26.0,1:1:1,4,380,81,72
26.0,1:2:2,3,647,31,446
26.0,1:2:2,4,434,58,182
25.0,1:1:1,6,208,50,104
24.0,1:5:5,1,2340,52,1123
24.0,1:5:5,3,1051,24,798
26.0,1:10:10,3,809,41,477
24.0,1:1:1,6,246,9,223
24.0,1:2:2,8,170,46,91
24.0,1:2:2,3,935,17,776
25.0,1:5:5,6,268,62,101
26.0,1:5:5,4,488,78,107
24.0,1:1:1,5,367,39,223
25.0,1:5:5,2,1327,52,636
25.0,1:10:10,7,180,36,115
28.0,1:1:1,7,80,41,47
28.0,1:2:2,2,751,67,247
28.0,1:5:5,2,845,50,422
26.0,1:10:10,5,363,54,166
28.0,1:10:10,4,422,46,227
26.0,1:10:10,3,809,53,380
24.0,1:10:10,6,352,41,207
25.0,1:1:1,7,126,54,57
24.0,1:1:1,7,149,69,46
24.0,1:5:5,2,1569,26,1161
26.0,1:5:5,7,132,100,0
28.0,1:1:1,3,440,33,294
25.0,1:5:5,7,162,25,121
26.0,1:2:2,3,647,68,207
24.0,1:10:10,5,525,48,273
24.0,1:2:2,3,935,70,280
24.0,1:5:5,7,191,26,141
26.0,1:5:5,6,219,51,107
24.0,1:2:2,4,626,26,463
28.0,1:5:5,7,103,77,23
24.0,1:5:5,2,1569,42,910
25.0,1:10:10,4,663,72,185
26.0,1:10:10,1,1800,50,900
25.0,1:1:1,2,1032,42,598
25.0,1:10:10,6,298,46,160
26.0,1:1:1,3,566,9,515
28.0,1:2:2,8,91,88,10
28.0,1:5:5,2,845,80,168
26.0,1:5:5,4,488,45,268
25.0,1:1:1,5,311,57,133
25.0,1:10:10,1,2200,43,1254
28.0,1:5:5,5,254,62,96
25.0,1:10:10,8,180,53,84
25.0,1:10:10,1,2200,15,1870
28.0,1:2:2,1,1120,72,313
25.0,1:2:2,3,791,42,458
26.0,1:2:2,6,195,71,56
26.0,1:1:1,7,103,76,24
24.0,1:2:2,6,281,58,118
26.0,1:10:10,4,542,47,287
26.0,1:5:5,4,488,49,248
28.0,1:1:1,1,980,64,352
28.0,1:2:2,3,503,66,171
28.0,1:10:10,6,189,87,24
28.0,1:2:2,8,91,30,63
24.0,1:2:2,4,626,58,262
24.0,1:2:2,4,626,52,300
26.0,1:10:10,1,1800,60,720
24.0,1:1:1,8,149,57,64
26.0,1:1:1,4,380,38,235
26.0,1:2:2,7,118,12,103
28.0,1:1:1,2,657,83,111
26.0,1:10:10,5,363,99,3
28.0,1:10:10,8,114,69,35
25.0,1:5:5,7,162,28,116
25.0,1:5:5,3,890,77,204
25.0,1:1:1,5,311,66,105
24.0,1:10:10,3,1168,49,595
26.0,1:10:10,7,147,45,80
25.0,1:5:5,8,162,65,56
24.0,1:5:5,4,705,34,465
28.0,1:5:5,2,845,85,126
25.0,1:5:5,1,1980,53,930
28.0,1:1:1,2,657,59,269
24.0,1:5:5,8,191,45,105
25.0,1:5:5,4,596,39,363
25.0,1:2:2,6,238,60,95
28.0,1:5:5,3,566,43,322
26.0,1:10:10,6,244,64,87
24.0,1:10:10,5,525,62,199
26.0,1:10:10,6,244,34,161
26.0,1:10:10,8,147,76,35
25.0,1:5:5,7,162,55,72
25.0,1:10:10,2,1475,41,870
25.0,1:10:10,2,1475,19,1194
25.0,1:5:5,1,1980,27,1445
28.0,1:2:2,7,91,77,20
24.0,1:1:1,7,149,57,64
24.0,1:10:10,2,1743,23,1342
28.0,1:5:5,1,1260,98,25
24.0,1:10:10,6,352,82,63
28.0,1:10:10,5,283,54,130
28.0,1:2:2,5,226,64,81
25.0,1:1:1,7,126,12,110
25.0,1:2:2,3,791,64,284
28.0,1:10:10,7,114,32,77
24.0,1:1:1,6,246,27,179
28.0,1:2:2,7,91,69,28
24.0,1:2:2,5,420,24,319
25.0,1:5:5,7,162,45,89
28.0,1:1:1,5,198,44,110
24.0,1:10:10,1,2600,34,1715
26.0,1:2:2,2,965,39,588
25.0,1:5:5,6,268,34,176
25.0,1:5:5,2,1327,24,1008
28.0,1:2:2,7,91,77,20
25.0,1:5:5,2,1327,38,822
24.0,1:10:10,6,352,8,323
25.0,1:2:2,4,530,63,196
24.0,1:5:5,4,705,34,465
25.0,1:1:1,5,311,54,143
28.0,1:10:10,8,114,56,50
25.0,1:2:2,4,530,40,318
25.0,1:1:1,7,126,70,37
24.0,1:5:5,6,317,0,317
26.0,1:5:5,7,132,47,69
25.0,1:10:10,1,2200,42,1276
28.0,1:2:2,5,226,33,151
25.0,1:10:10,7,180,55,80
26.0,1:5:5,7,132,58,55
26.0,1:1:1,7,103,33,69
24.0,1:2:2,7,170,43,96
28.0,1:5:5,4,380,56,167
26.0,1:1:1,6,171,72,47
25.0,1:2:2,5,355,11,315
26.0,1:1:1,6,171,27,124
26.0,1:10:10,3,809,77,186
24.0,1:10:10,7,212,-2,216
28.0,1:2:2,3,503,52,241
26.0,1:10:10,6,244,25,183
28.0,1:5:5,8,103,60,41
24.0,1:10:10,7,212,28,152
24.0,1:5:5,6,317,58,133
25.0,1:2:2,2,1180,94,70
25.0,1:10:10,7,180,5,171
28.0,1:1:1,8,80,80,15
26.0,1:2:2,1,1440,34,950
24.0,1:10:10,5,525,57,225
25.0,1:10:10,2,1475,51,722
24.0,1:2:2,6,281,59,115
24.0,1:10:10,1,2600,49,1326
25.0,1:1:1,8,126,81,23
26.0,1:1:1,5,254,22,198
28.0,1:2:2,6,152,78,33
28.0,1:2:2,5,226,22,176
24.0,1:1:1,5,367,37,231
28.0,1:2:2,6,152,45,83
26.0,1:2:2,3,647,30,452
26.0,1:10:10,5,363,21,286
25.0,1:1:1,1,1540,59,631
24.0,1:5:5,5,472,26,349
24.0,1:10:10,6,352,40,211
26.0,1:5:5,3,728,11,647
28.0,1:2:2,6,152,74,39
28.0,1:2:2,3,503,65,176
24.0,1:1:1,1,1820,26,1346
25.0,1:2:2,3,791,54,363
28.0,1:1:1,3,440,39,268
25.0,1:2:2,2,1180,65,413
25.0,1:1:1,4,464,20,371
28.0,1:5:5,2,845,44,473
28.0,1:2:2,7,91,66,30
25.0,1:2:2,6,238,71,69
24.0,1:5:5,2,1569,78,345
24.0,1:1:1,4,548,22,427
25.0,1:10:10,7,180,50,90
25.0,1:2:2,6,238,64,85
24.0,1:2:2,8,170,24,129
24.0,1:10:10,8,212,1,209
24.0,1:2:2,3,935,0,935
26.0,1:10:10,3,809,51,396
26.0,1:2:2,6,195,24,148
25.0,1:1:1,4,464,42,269
26.0,1:2:2,3,647,30,452
25.0,1:10:10,6,298,61,116
25.0,1:2:2,4,530,55,238
26.0,1:10:10,7,147,51,72
25.0,1:5:5,7,162,53,76
28.0,1:1:1,6,133,73,35
24.0,1:2:2,3,935,14,804
28.0,1:1:1,4,295,30,206
25.0,1:1:1,6,208,81,39
25.0,1:2:2,3,791,58,332
28.0,1:5:5,8,103,48,53
24.0,1:1:1,8,149,43,84
24.0,1:5:5,7,191,30,133
25.0,1:1:1,1,1540,67,508
28.0,1:2:2,6,152,53,71
25.0,1:2:2,4,530,58,222
28.0,1:2:2,2,751,52,360
24.0,1:1:1,4,548,39,334
28.0,1:1:1,8,80,54,36
25.0,1:10:10,3,989,42,573
25.0,1:1:1,7,126,83,21
28.0,1:1:1,2,657,51,321
24.0,1:5:5,1,2340,35,1521
25.0,1:5:5,6,268,61,104
26.0,1:5:5,1,1620,70,486
28.0,1:5:5,5,254,69,78
26.0,1:5:5,8,132,28,95
24.0,1:2:2,8,170,23,130
24.0,1:1:1,8,149,4,143
24.0,1:10:10,4,783,49,399
25.0,1:2:2,6,238,64,85
24.0,1:10:10,1,2600,38,1612
26.0,1:5:5,1,1620,27,1182
25.0,1:10:10,3,989,64,356
28.0,1:2:2,3,503,10,452
25.0,1:2:2,4,530,38,328
28.0,1:10:10,5,283,85,42
25.0,1:10:10,8,180,66,61
24.0,1:5:5,5,472,69,146
24.0,1:2:2,1,2080,43,1185
28.0,1:2:2,7,91,49,46
25.0,1:1:1,3,692,59,283
24.0,1:1:1,8,149,81,28
25.0,1:2:2,3,791,57,340
28.0,1:1:1,3,440,80,87
25.0,1:2:2,7,144,76,34
26.0,1:5:5,6,219,64,78
28.0,1:5:5,1,1260,61,491
25.0,1:1:1,2,1032,77,237
28.0,1:5:5,7,103,44,57
26.0,1:10:10,4,542,41,319
28.0,1:1:1,2,657,98,13
26.0,1:1:1,7,103,44,57
28.0,1:1:1,2,657,75,164
25.0,1:10:10,5,444,30,310
24.0,1:2:2,1,2080,53,977
24.0,1:5:5,3,1051,35,683
24.0,1:5:5,5,472,77,108
28.0,1:1:1,2,657,79,137
25.0,1:1:1,2,1032,30,722
24.0,1:10:10,2,1743,52,836
25.0,1:2:2,8,144,29,102
24.0,1:5:5,5,472,28,339
25.0,1:1:1,5,311,17,258
26.0,1:10:10,2,1207,69,374
24.0,1:5:5,2,1569,24,1192
25.0,1:1:1,3,692,63,256
25.0,1:2:2,7,144,76,34
25.0,1:2:2,5,355,49,181
24.0,1:5:5,2,1569,6,1474
26.0,1:2:2,7,118,80,23
24.0,1:10:10,8,212,90,21
26.0,1:5:5,5,327,52,156
24.0,1:5:5,8,191,36,122
24.0,1:2:2,2,1394,27,1017
25.0,1:10:10,8,180,48,93
25.0,1:5:5,5,400,51,196
24.0,1:1:1,4,548,-9,597
28.0,1:2:2,6,152,71,44
26.0,1:10:10,3,809,38,501
25.0,1:2:2,6,238,31,164
25.0,1:5:5,7,162,53,76
25.0,1:5:5,6,268,63,99
25.0,1:1:1,2,1032,49,526
26.0,1:1:1,5,254,77,58
28.0,1:1:1,7,80,50,40
28.0,1:5:5,2,845,60,338
26.0,1:10:10,8,147,17,122
25.0,1:2:2,5,355,60,142
28.0,1:2:2,7,91,64,32
28.0,1:2:2,2,751,53,352
28.0,1:1:1,7,80,67,26
25.0,1:1:1,7,126,74,32
26.0,1:2:2,4,434,70,130
26.0,1:10:10,4,542,29,384
26.0,1:2:2,5,291,45,160
26.0,1:2:2,5,291,43,165
24.0,1:2:2,7,170,59,69
25.0,1:2:2,1,1760,54,809
25.0,1:5:5,4,596,61,232
24.0,1:10:10,7,212,24,161
28.0,1:2:2,1,1120,53,526
26.0,1:2:2,1,1440,83,244
28.0,1:10:10,2,938,87,121
28.0,1:1:1,5,198,42,114
28.0,1:5:5,7,103,82,18
26.0,1:1:1,2,845,34,557
25.0,1:5:5,4,596,33,399
25.0,1:10:10,3,989,19,801
28.0,1:5:5,4,380,75,95
26.0,1:10:10,3,809,83,137
24.0,1:5:5,6,317,15,269
25.0,1:10:10,2,1475,48,767
28.0,1:2:2,1,1120,64,403
24.0,1:10:10,3,1168,46,630
26.0,1:10:10,5,363,36,232
26.0,1:2:2,3,647,69,200
28.0,1:1:1,6,133,98,2
24.0,1:5:5,7,191,50,95
24.0,1:5:5,6,317,46,171
25.0,1:5:5,1,1980,43,1128
26.0,1:5:5,2,1086,63,401
24.0,1:10:10,4,783,65,274
28.0,1:1:1,5,198,62,75
28.0,1:10:10,6,189,65,66
25.0,1:5:5,7,162,71,46
28.0,1:2:2,2,751,49,383
28.0,1:5:5,8,103,62,39
25.0,1:1:1,3,692,51,339
24.0,1:5:5,8,191,58,80
25.0,1:5:5,2,1327,63,490
24.0,1:5:5,6,317,17,263
28.0,1:5:5,3,566,36,362
25.0,1:2:2,4,530,41,312
28.0,1:5:5,2,845,60,338
28.0,1:10:10,5,283,60,113
25.0,1:1:1,5,311,72,87
28.0,1:1:1,4,295,104,-11
24.0,1:2:2,8,170,57,73
26.0,1:1:1,6,171,41,100
24.0,1:10:10,6,352,41,207
28.0,1:2:2,2,751,30,525
26.0,1:1:1,5,254,66,86
26.0,1:5:5,1,1620,66,550
26.0,1:2:2,1,1440,59,590
25.0,1:2:2,4,530,74,137
24.0,1:2:2,1,2080,39,1268
24.0,1:10:10,2,1743,60,697
26.0,1:5:5,2,1086,28,781
25.0,1:10:10,8,180,30,125
24.0,1:10:10,7,212,62,80
24.0,1:10:10,1,2600,39,1586
25.0,1:5:5,6,268,30,187
26.0,1:2:2,6,195,100,0
24.0,1:1:1,7,149,68,47
26.0,1:1:1,4,380,37,239
24.0,1:5:5,3,1051,69,325
25.0,1:5:5,7,162,59,66
26.0,1:2:2,1,1440,64,518
26.0,1:2:2,7,118,49,60
28.0,1:2:2,5,226,38,140
28.0,1:10:10,3,629,45,345
26.0,1:10:10,2,1207,26,893
24.0,1:2:2,8,170,32,115
26.0,1:1:1,8,103,66,35
24.0,1:10:10,1,2600,68,831
24.0,1:2:2,3,935,24,710
25.0,1:1:1,6,208,36,133
28.0,1:5:5,7,103,37,64
26.0,1:2:2,7,118,44,66
24.0,1:5:5,5,472,48,245
26.0,1:2:2,6,195,53,91
28.0,1:10:10,8,114,75,28
25.0,1:5:5,6,268,14,230
24.0,1:5:5,2,1569,66,533
24.0,1:5:5,5,472,39,287
24.0,1:2:2,1,2080,11,1851
26.0,1:1:1,8,103,33,69
28.0,1:2:2,5,226,43,128
24.0,1:10:10,2,1743,70,522
25.0,1:5:5,4,596,34,393
24.0,1:1:1,8,149,22,116
28.0,1:10:10,3,629,46,339
25.0,1:2:2,6,238,33,159
28.0,1:5:5,1,1260,70,378
26.0,1:1:1,5,254,61,99
26.0,1:1:1,2,845,25,633
28.0,1:10:10,6,189,69,58
25.0,1:2:2,2,1180,71,342
28.0,1:2:2,7,91,65,31
26.0,1:10:10,6,244,67,80
24.0,1:1:1,8,149,34,98
26.0,1:2:2,2,965,59,395
25.0,1:10:10,3,989,44,553
25.0,1:1:1,8,126,68,40
28.0,1:2:2,3,503,48,261
24.0,1:2:2,7,170,32,115
28.0,1:1:1,8,80,81,15
28.0,1:1:1,8,80,61,31
26.0,1:2:2,3,647,36,414
25.0,1:10:10,7,180,100,0
25.0,1:1:1,1,1540,65,539
25.0,1:5:5,8,162,55,72
28.0,1:1:1,3,440,51,215
28.0,1:10:10,3,629,59,257
26.0,1:5:5,7,132,53,62
28.0,1:1:1,2,657,47,348
24.0,1:1:1,7,149,51,73
26.0,1:1:1,1,1260,36,806
25.0,1:2:2,4,530,31,365
26.0,1:5:5,3,728,55,327
25.0,1:10:10,3,989,53,464
26.0,1:10:10,5,363,43,206
26.0,1:10:10,8,147,50,73
26.0,1:1:1,6,171,63,63
25.0,1:2:2,7,144,100,0
26.0,1:1:1,5,254,31,175
26.0,1:10:10,3,809,30,566
28.0,1:2:2,4,337,82,60
25.0,1:2:2,8,144,62,54
